job_name,city,education,work_exp,company,salary_avg,data_source
AI测试工程师助理,北京,大专,1-2年,潍坊市博远人力资源,10500,前程无忧
计算机视觉算法（文字、人脸、音视频）,北京,硕士,3年及以上,湖北微模式科技发展,45000,前程无忧
计算机视觉工程师,北京,本科,1年及以上,北京舜天汇智科技,22500,前程无忧
计算机类 英文学术期刊助理编辑,北京,硕士,无需经验,曼迪匹艾（北京）科技服务,22500,前程无忧
计算机技术员（双休 五险一金）,北京,大专,无需经验,北京棱澈科技,10000,前程无忧
计算机维护助理（双休）,北京,大专,无需经验,河南腾桓人力资源,10000,前程无忧
计算机网络管理员,北京,大专,无需经验,北京郡雅科贸,6500,前程无忧
计算机测控系统设计师,北京,本科,5-7年,北京锐和昌航天科技,12500,前程无忧
计算机运维专员（双休 五险一金）,北京,大专,无需经验,北京棱澈科技,10000,前程无忧
计算机文员（五险一金，双休）,北京,大专,无需经验,山东星智海人力资源,8500,前程无忧
技术服务工程师/转播工程师,北京,大专,无需经验,上海敬谊会务服务,10000,前程无忧
双休/包食宿/智能运维,北京,,无需经验,河北恒建轨道交通,9000,前程无忧
计算机运维管理员（双休 五险一金）,北京,大专,无需经验,北京棱澈科技,10000,前程无忧
网络运维工程师（SD-WAN）北京,北京,本科,1年及以上,广州朗桥维视通信技术,9500,前程无忧
咨询顾问或高级咨询顾问（财务管理咨询方向）,北京,硕士,无需经验,上海立信锐思信息管理,12000,前程无忧
数据运营（双休加补贴）,北京,大专,无需经验,河南腾桓人力资源,10000,前程无忧
技术研发经理,北京,本科,5年及以上,北京腾华善智科技,7500,前程无忧
云计算运维,北京,大专,1年及以上,北京郡雅科贸,6500,前程无忧
卫星太阳翼总体设计师,北京,硕士,5年及以上,北京曦光星翼科技,37500,前程无忧
材料计算工程师,北京,硕士,无需经验,北京智能重构科技,17500,前程无忧
计算机测试员（双休),北京,大专,无需经验,山东凯恩人力资源,10000,前程无忧
计算机信息化岗,北京,本科,5年及以上,北京国医械华光认证,12750,前程无忧
计算机硬件设备安装调试,,中技/中专,无需经验,北京汉志商贸,9000,前程无忧
嵌入式软件工程师,北京,本科,5年及以上,北京先瑞达医疗科技,21500,前程无忧
计算机维护员（双休）,北京,大专,无需经验,山东凯恩人力资源,10000,前程无忧
计算机安全保密管理员,北京,本科,3年及以上,中海成（北京）技术,9000,前程无忧
测试工程师 有机会转开发,北京,本科,1-3年,上海学获帮教育科技,14000,前程无忧
高性能计算工程师-算子优化,北京,本科,1-3年,进迭时空（杭州）科技,50000,前程无忧
信息管理员,北京,本科,无需经验,北京方德瑞投资,7500,前程无忧
运维实施工程师,北京,本科,无需经验,成都数智风科技,7500,前程无忧
EDA开发工程师,北京,硕士,1-5年,中科芯磁科技（珠海）,16000,前程无忧
（云计算）生态渠道管理,北京,本科,8年及以上,思码睿猎人才咨询（上海）,70000,前程无忧
系统工程师（双休）,北京,大专,无需经验,北京屿博智能科技,10000,前程无忧
AI智能体构建师,北京,本科,1-4年,亚信科技（中国）,26500,前程无忧
系统运维开发工程师,北京,大专,1-2年,南京拾柴信息科技,9500,前程无忧
应用运维岗,北京,本科,1年及以上,中国银行保险信息技术管理,20000,前程无忧
运维工程师（双休）,北京,大专,无需经验,北京屿博智能科技,10000,前程无忧
计算机数据录入员（双休）,北京,大专,无需经验,山东凯恩人力资源,10000,前程无忧
软件开发工程师,北京,本科,无需经验,北京欧兴科技,8000,前程无忧
招聘大数据开发工程师助理,北京,本科,无需经验,北京新域未来科技,6000,前程无忧
机器人软件工程师（具身智能方向）,北京,本科,1年及以上,北京爱得智能机器人技术,13500,前程无忧
大数据开发,北京,本科,3年及以上,南京日冲软件,15500,前程无忧
网络安全技术三岗,北京,本科,2年及以上,军工保密资格审查认证中心,13500,前程无忧
it运维工程师应届生本科,北京,本科,无需经验,河南芯码智能科技,11000,前程无忧
2026届春招-运维开发工程师,北京,本科,无需经验,北京畅游天下网络技术集团,12500,前程无忧
数据开发工程师,北京,本科,5年及以上,中国软件与技术服务,14000,前程无忧
云平台运维工程师,北京,本科,4年及以上,前锦网络信息技术（上海）,25000,前程无忧
python开发工程师（自研）,北京,大专,3年及以上,南京拾柴信息科技,12500,前程无忧
A09.技术支持工程师（北京）,北京,本科,无需经验,上证所信息网络,22500,前程无忧
AI Agent评测,北京,本科,1年及以上,上海易科登瀛智能科技,14000,前程无忧
运维部署工程师,北京,本科,3年及以上,上海融和元储能源,17500,前程无忧
数据标注员,北京,大专,1年及以上,深圳市法本信息技术,6500,前程无忧
2026届春招-游戏开发工程师C++,北京,本科,无需经验,北京畅游天下网络技术集团,20000,前程无忧
北京国企应用运维工程师,北京,本科,5年及以上,前锦网络信息技术（上海）,22500,前程无忧
软件工程师,北京,本科,3年及以上,上海仟寻网络科技,16500,前程无忧
AI算法工程师（双休）,北京,大专,无需经验,安阳创凌信息科技,10000,前程无忧
运维工程师（智慧校园类）,北京,大专,3年及以上,前锦网络信息技术（上海）,7750,前程无忧
技术工程师,北京,大专,无需经验,北京京铭宏硕科技,8500,前程无忧
机房运维,北京,大专,无需经验,潍坊市博远人力资源,11000,前程无忧
技术服务工程师-北京（社招）,北京,大专,1年,英达特信息技术（上海）,5750,前程无忧
桌面工程师（北京）,北京,大专,3年及以上,广州市智联互创科技,12500,前程无忧
硬件运维工程师,北京,大专,无需经验,北京京铭宏硕科技,8250,前程无忧
通信技术工程师,北京,本科,无需经验,山西飞马数据科技,10000,前程无忧
It技术支持（五险+补贴）,北京,大专,无需经验,济南古之文化传媒,10000,前程无忧
初级网络工程师,北京,大专,无需经验,北京京铭宏硕科技,8500,前程无忧
系统运维工程师,北京,本科,1-2年,北京志与诚科技,11500,前程无忧
系统集成工程师,北京,大专,无需经验,北京中瓴时代科技,10000,前程无忧
IT技术员（双休 五险一金）,北京,大专,无需经验,北京棱澈科技,10000,前程无忧
实施交付工程师（中级）北京,北京,本科,2年及以上,鸣意信息科技（上海）,11000,前程无忧
系统维护主管（国企物业公司）,北京,本科,3年及以上,北京建投嘉昱资产管理,6500,前程无忧
数据标注（双休）,北京,大专,无需经验,北京屿博智能科技,10000,前程无忧
网络服务（五险+补助）,北京,大专,无需经验,济南古之文化传媒,10500,前程无忧
it技术支持助理(五险一金，双休）,北京,大专,无需经验,山东星智海人力资源,8500,前程无忧
网络技术支持专员,北京,大专,1年及以上,杭州顺久发信息科技,10500,前程无忧
桌面技术支持(双休 五险一金),北京,大专,无需经验,北京棱澈科技,10000,前程无忧
IT技术支持（双休+补贴）,北京,本科,无需经验,河南腾桓人力资源,11500,前程无忧
机械产品工程师,北京,本科,1年及以上,内蒙古朝正机械设备,7000,前程无忧
网络运维工程师（五险+双休）,北京,大专,无需经验,济南古之文化传媒,10500,前程无忧
网络运维工程师（双休 五险一金）,北京,大专,无需经验,北京棱澈科技,10000,前程无忧
it技术支持（双休）,北京,大专,无需经验,安阳创凌信息科技,10000,前程无忧
it技术支持（五险一金，包食宿）,北京,大专,无需经验,山东星智海人力资源,10500,前程无忧
网络工程师（五险+补贴）,北京,大专,无需经验,济南古之文化传媒,10500,前程无忧
网络运维专员（双休 五险一金）,北京,大专,无需经验,北京棱澈科技,10000,前程无忧
网络安装技术人员,北京,大专,无需经验,北京欧兴科技,6000,前程无忧
IT技术支持,北京,大专,1年及以上,北京博石众强商贸,12500,前程无忧
应用服务（双休+五险）,北京,大专,无需经验,济南古之文化传媒,10500,前程无忧
系统运维工程师（双休 五险一金）,北京,大专,无需经验,北京棱澈科技,10000,前程无忧
网络工程师（双休）,北京,大专,无需经验,河南腾桓人力资源,10000,前程无忧
信息安全工程师+不限经验+双休,北京,大专,无需经验,潍坊市博远人力资源,9500,前程无忧
互联网通信（五险+补贴）,北京,大专,无需经验,济南古之文化传媒,10500,前程无忧
服务器运维工程师（双休 五险一金）,北京,大专,无需经验,北京棱澈科技,10000,前程无忧
网络运维工程师,北京,大专,无需经验,河南腾桓人力资源,10000,前程无忧
售后技术支持,北京,本科,无需经验,杭州愿达网络科技有限公司北京,8000,前程无忧
财务软件运维支持,北京,本科,无需经验,上海复翼软件开发,7500,前程无忧
数据分析师,北京,大专,无需经验,北京京铭宏硕科技,9500,前程无忧
云平台运维岗,北京,本科,5年及以上,前锦网络信息技术（上海）,30000,前程无忧
初级运维工程师,北京,大专,1年,潍坊市博远人力资源,10500,前程无忧
物联网工程师（五险+补贴）,北京,大专,无需经验,济南古之文化传媒,10500,前程无忧
运维工程师,北京,本科,1-3年,杭州愿达网络科技有限公司北京,9500,前程无忧
电脑维护专员（双休 五险一金）,北京,大专,无需经验,北京棱澈科技,10000,前程无忧
实施工程师（双休）,北京,大专,无需经验,河南腾桓人力资源,10000,前程无忧
IT运维工作师（双休 五险一金）,北京,大专,无需经验,北京棱澈科技,10000,前程无忧
技术工程师,北京,大专,1年及以上,北京京铭宏硕科技有限公司西安,6500,前程无忧
人工智能方向技术岗,北京,本科,2年及以上,军工保密资格审查认证中心,13500,前程无忧
信息化运维专员（双休 五险一金）,北京,大专,无需经验,北京棱澈科技,10000,前程无忧
技术支持工程师(TRC03F12),北京,本科,1年及以上,福建顶点软件,13000,前程无忧
系统维护工程师（双休）,北京,大专,无需经验,河南腾桓人力资源,10000,前程无忧
信息化专员（双休+补贴）,北京,大专,无需经验,济南古之文化传媒,10500,前程无忧
基础电脑技术员,北京,大专,无需经验,北京棱澈科技,10000,前程无忧
AFC运维+月入过万+五险一金,北京,大专,无需经验,河北华育企业管理,9000,前程无忧
销售经理（工控机+AI硬件）,北京,大专,2年及以上,图为信息科技（深圳）,12500,前程无忧
监控工程师（双休+补贴）,北京,大专,无需经验,济南古之文化传媒,10500,前程无忧
IT服务工程师,北京,大专,1年及以上,广州广电银通金融电子科技,7500,前程无忧
信息化专员（双休）,北京,大专,无需经验,河南腾桓人力资源,10000,前程无忧
桌面运维（双休，五险一金）,北京,大专,无需经验,安徽龙隆瑞启企业管理咨询,10500,前程无忧
月入过万/运维技术/十三薪,北京,中技/中专,无需经验,河北华育企业管理,9000,前程无忧
企业IT运维专员（双休 五险一金）,北京,大专,无需经验,北京棱澈科技,10000,前程无忧
8k+运维技术员+周末双休,北京,大专,无需经验,河北华育企业管理,9000,前程无忧
系统工程师（双休+补贴）,北京,大专,无需经验,济南古之文化传媒,10500,前程无忧
IT助理+双休+经验不限,北京,大专,无需经验,潍坊市博远人力资源,10000,前程无忧
linux运维工程师,北京,大专,1年,北京华琪软通技术,7500,前程无忧
月入过万+智能运维工程师+包食宿,北京,大专,无需经验,河北华育企业管理,9000,前程无忧
网络安全（五险+双休）,北京,大专,无需经验,济南古之文化传媒,10500,前程无忧
基础运维+经验不限+五险,北京,大专,无需经验,潍坊市博远人力资源,9500,前程无忧
it运维工程师,北京,本科,3-5年,宁波江丰电子材料,8000,前程无忧
机器视觉软件架构工程师,北京,博士,1-3年,江苏镭创高科光电科技,30000,前程无忧
初级运维工程师(J10859),北京,本科,1年及以上,北京万方数据,8500,前程无忧
初级运维工程师+双休+可无经验,北京,大专,无需经验,潍坊市博远人力资源,9500,前程无忧
测试工程师,北京,大专,1年及以上,杭州顺久发信息科技,10500,前程无忧
机器视觉研发工程师,北京,本科,2年及以上,北京久仪科技,15000,前程无忧
系统管理员,北京,本科,无需经验,杭州愿达网络科技有限公司北京,9500,前程无忧
IT支持,北京,大专,无需经验,潍坊市博远人力资源,11000,前程无忧
运维工程师,北京,大专,2年及以上,北京中科航天人才服务,9000,前程无忧
ROS巡检机器人系统工程师,北京,本科,3年及以上,北京久仪科技,15000,前程无忧
软件开发+经验不限+双休,北京,大专,无需经验,潍坊市博远人力资源,9500,前程无忧
中粮信科-云计算工程师,北京,本科,3年及以上,中粮信息科技,20000,前程无忧
自动驾驶测试安全员（路测司机）,北京,高中,3年及以上,深圳市法本信息技术,6000,前程无忧
物联网信息技术,北京,本科,1-3年,杭州愿达网络科技有限公司北京,9500,前程无忧
8k+智能运维+周末双休,北京,中技/中专,无需经验,河北华育企业管理,9000,前程无忧
网络管理员,北京,本科,无需经验,北京欧兴科技,7000,前程无忧
AI编译器工程师,北京,本科,3年及以上,进迭时空（杭州）科技,45000,前程无忧
ai数据标注（五险一金，双休）,北京,大专,无需经验,山东星智海人力资源,9000,前程无忧
测试工程师,北京,本科,1-3年,北京博石众强商贸,12500,前程无忧
北京售后服务工程师（数据机房产品）,,大专,1年及以上,上海黎耀科技发展,8000,前程无忧
机器学习工程师,北京,硕士,无需经验,北京智能重构科技,14500,前程无忧
测试工程师,北京,大专,无需经验,潍坊市博远人力资源,10000,前程无忧
售后技术工程师,天津,本科,2年及以上,北京安鸿羽机械设备,8000,前程无忧
游戏功能测试（五险+补贴）,北京,大专,无需经验,济南古之文化传媒,10000,前程无忧
IT运维工程师,北京,本科,无需经验,北京精雕科技集团,15000,前程无忧
26届应届硕博毕业生岗（国企）,北京,硕士,无需经验,前锦网络信息技术（上海）,25000,前程无忧
网络安全工程师+五险一金+可无经验,北京,大专,无需经验,潍坊市博远人力资源,9500,前程无忧
通信工程师（五险+双休）,北京,大专,无需经验,济南古之文化传媒,10500,前程无忧
数据标注（五险一金 包食宿）,北京,大专,无需经验,河南腾桓人力资源,10000,前程无忧
python大数据工程师(数据采集岗),北京,本科,2年及以上,北京远大创新科技,11000,前程无忧
初级开发工程师+经验不限+双休,北京,大专,无需经验,潍坊市博远人力资源,10000,前程无忧
上位机开发工程师,北京,本科,1-3年,北京机电工程研究所,12500,前程无忧
智能科技（双休）,北京,大专,无需经验,河南腾桓人力资源,10000,前程无忧
售前工程师（北京）,北京,本科,2年及以上,天地伟业,13500,前程无忧
月入过万/晋升空间大+智能运维,北京,中技/中专,无需经验,河北华育企业管理,9000,前程无忧
计算机安全管理员,北京,本科,5年及以上,广东省大湾区集成电路与系统应用研究院,11000,前程无忧
通信工程师（双休）,北京,大专,无需经验,河南腾桓人力资源,10000,前程无忧
测试工程师助理+不限经验+双休,北京,大专,无需经验,潍坊市博远人力资源,10000,前程无忧
通信类实习生+可转正+应届优先,北京,本科,无需经验,北京欧兴科技,6500,前程无忧
技术支持专员（双休）,北京,大专,无需经验,河南腾桓人力资源,10000,前程无忧
软件工程师助理（五险+补贴）,北京,大专,无需经验,济南古之文化传媒,10500,前程无忧
信息安全工程师,北京,大专,无需经验,潍坊市博远人力资源,11000,前程无忧
专利代理人（通信/电子/机械）五险一金+双休+餐补等,北京,本科,3年及以上,北京中海智圣知识产权代理,10000,前程无忧
软件技术专家-上位机,北京,本科,10年及以上,盛吉盛半导体技术（上海）,31500,前程无忧
JAVA+双休+五险一金,北京,大专,无需经验,潍坊市博远人力资源,9500,前程无忧
上位机程序开发工程师,北京,硕士,3年及以上,北京铁五院工程机械,22500,前程无忧
电子信息工程师（双休）,北京,大专,无需经验,河南腾桓人力资源,10000,前程无忧
无线网优工程师,北京,大专,无需经验,北京欧兴科技,7000,前程无忧
AI风控助理+不限经验+双休,北京,大专,无需经验,潍坊市博远人力资源,9500,前程无忧
自动化设备工程师,北京,大专,无需经验,北京京铭宏硕科技有限公司西安,8000,前程无忧
游戏功能测试（双休）,北京,大专,无需经验,河南腾桓人力资源,10000,前程无忧
通信工程师助理,北京,本科,无需经验,北京欧兴科技,7500,前程无忧
ai数据标注+双休+可无经验,北京,大专,无需经验,潍坊市博远人力资源,10500,前程无忧
售后工程师（PCD 刀具机床）,北京,,1-5年,北京安德建奇数字设备,7500,前程无忧
测试开发（双休 补贴）,北京,大专,无需经验,河南腾桓人力资源,11500,前程无忧
机械设计工程师,北京,大专,无需经验,北京京铭宏硕科技有限公司西安,8500,前程无忧
自动化设备工程师,北京,大专,无需经验,北京欧兴科技,8000,前程无忧
结构工程师,北京,大专,无需经验,北京中瓴时代科技,9000,前程无忧
项目实施工程师,北京,本科,1-3年,宁波金唐软件,10000,前程无忧
实施,北京,本科,2年及以上,南京日冲软件,12000,前程无忧
机械维修工程师,北京,大专,2年及以上,深圳连群电子有限公司苏州,7500,前程无忧
应用开发工程师（AI 方向）,北京,本科,1-5年,爱普生（中国）,12500,前程无忧
建筑机电工程师,,本科,3年及以上,北京弘奇装饰设计,13000,前程无忧
设备售后维保工程师（出差+3C）,北京,大专,5年及以上,云智汇（深圳）高新科技服务,20500,前程无忧
初级需求分析师,北京,大专,无需经验,四川非凡网毅科技,7000,前程无忧
项目经理（北京）,北京,本科,5-7年,宁波金唐软件,20000,前程无忧
有机合成研究员,北京,本科,1年及以上,上海择瓴企业管理,10500,前程无忧
大模型与AIGC算法工程师,北京,大专,无需经验,安阳创凌信息科技,10000,前程无忧
运维开发,北京,本科,2年及以上,北京弈云网络科技,30500,前程无忧
售后工程师,北京,本科,无需经验,北京泰阳和正科技发展,5000,前程无忧
售前弱电方案工程师（北京）,北京,大专,1-3年,深圳市汇恒通科技,15000,前程无忧
mes系统工程师,北京,大专,3-5年,北京维盛复合材料,10000,前程无忧
数据分析,北京,大专,无需经验,北京京铭宏硕科技有限公司西安,7500,前程无忧
ai产品经理,北京,本科,2年及以上,深圳来学信息技术,15000,前程无忧
无人机飞控算法工程师,北京,本科,3-5年,北京航之鹰科技,22500,前程无忧
机电一体化工程师,北京,大专,无需经验,内蒙古朝正机械设备,8000,前程无忧
收入13K+培训师+生源稳定,北京,本科,1年及以上,深圳市新盛银合科技,15500,前程无忧
五险一金资源分析与遴选,北京,大专,1年,北京智库泉数据处理,6500,前程无忧
财富总监（机构）(J13782)-北京朝阳,北京,本科,3年及以上,东北证券,16000,前程无忧
机械制造工程师,北京,大专,无需经验,内蒙古朝正机械设备,7000,前程无忧
项目工程师,北京,大专,无需经验,北京中瓴时代科技,12000,前程无忧
维修助理工程师,北京,大专,无需经验,内蒙古朝正机械设备,7000,前程无忧
解决方案负责人（人形机器人+机器狗方向）,北京,本科,3年及以上,中电能源开发,22500,前程无忧
AFC维保工程师/双休,北京,,无需经验,石家庄捷轨智能科技,7500,前程无忧
财富总监（机构）(J13786)-北京东城,北京,本科,3年及以上,东北证券,18000,前程无忧
AFC 设备故障维修工程师+包吃住,北京,中技/中专,无需经验,河北永固盾卫安防科技,8000,前程无忧
建筑电气工程师,北京,本科,4年及以上,前锦网络信息技术（上海）,13500,前程无忧
软件测试工程师—饭补—双休,北京,大专,无需经验,北京欧兴科技,6000,前程无忧
中级Java（学信可查全日制本科）,北京,本科,3年及以上,上海速强信息技术,13500,前程无忧
AI产品经理,北京,本科,3年及以上,北京中科致远科技,18000,前程无忧
IC设计工程师（PCIE/Ethernet）,北京,本科,5年及以上,芯带科技（无锡）,27500,前程无忧
云计算工程师,北京,硕士,5年及以上,前锦网络信息技术（上海）,32500,前程无忧
商务司机,北京,大专,5年及以上,中盈优创资讯科技,9000,前程无忧
IT业务顾问,北京,本科,2年及以上,杭州和利时自动化,15000,前程无忧
AFC设备维护保养,北京,大专,无需经验,河北永固盾卫安防科技,9000,前程无忧
爬虫工程师,北京,大专,3年及以上,北京法宣在线科技,11500,前程无忧
站内AFC检修师/五险双休,北京,,无需经验,石家庄捷轨智能科技,8000,前程无忧
软件测试（双休）,北京,大专,无需经验,北京屿博智能科技,10000,前程无忧
后端开发工程师,北京,本科,3年及以上,中国检验认证集团山东,17500,前程无忧
专线解决方案客户经理,北京,大专,3年及以上,安徽瑞合大数据科技,16000,前程无忧
初级软件工程师,北京,本科,无需经验,北京蜜熊科技,8000,前程无忧
C++开发工程师,北京,本科,2年及以上,北京中安智能信息科技,24000,前程无忧
销售经理（药企信息化软件）,北京,本科,1年及以上,源资信息科技（上海）,13500,前程无忧
项目经理,北京,本科,1-3年,北京察观科技,20000,前程无忧
数据分析,北京,大专,无需经验,北京中瓴时代科技,10000,前程无忧
嵌入式软件开发工程师-Linux C,北京,本科,2年及以上,北京华信傲天网络技术,12000,前程无忧
客户经理,北京,本科,1年及以上,万得信息技术,12000,前程无忧
装配工程师,北京,本科,无需经验,内蒙古朝正机械设备,8000,前程无忧
游戏开发工程师,北京,本科,1-3年,上海学获帮教育科技,15500,前程无忧
Qt软件工程师,北京,本科,3年及以上,柏宜照明（上海）,16500,前程无忧
互联网通讯(双休）,北京,大专,无需经验,安阳创凌信息科技,10000,前程无忧
业务咨询顾问（财务信息化）,北京,本科,5年及以上,北京久其软件,20000,前程无忧
软件测试工程师应届生本科双休,北京,本科,无需经验,河南芯码智能科技,10500,前程无忧
数据开发岗,北京,本科,5年及以上,前锦网络信息技术（上海）,25000,前程无忧
初级自动化测试工程师,北京,大专,无需经验,四川非凡网毅科技,7500,前程无忧
销售代表,北京,本科,3年及以上,东信和平科技,20000,前程无忧
研究所机构销售经理,北京,硕士,2年及以上,开源证券,20000,前程无忧
技术助理,北京,大专,无需经验,中鼎海桥机电设备（北京）,5500,前程无忧
打印机维修工程师,北京,初中及以下,无需经验,北京华宇北创科技,6000,前程无忧
专利代理师,北京,本科,1年及以上,北京博思佳知识产权代理,22500,前程无忧
大数据开发工程师,北京,本科,2-8年,北京弈云网络科技,33000,前程无忧
产品装配操作,北京,大专,无需经验,北京中科航天人才服务,9000,前程无忧
高级大数据架构师（北京）,北京,本科,5年及以上,凯通科技,25000,前程无忧
运营商销售经理-北京,北京,本科,3年及以上,广东广信通信服务,23500,前程无忧
AI软件开发部经理,北京,硕士,5年及以上,重庆天如生物科技,45000,前程无忧
机房运维,北京,大专,无需经验,山东凯恩人力资源,10000,前程无忧
测试工程师,北京,大专,无需经验,北京京铭宏硕科技,8000,前程无忧
电机电磁仿真工程师,北京,本科,1年及以上,合肥有感科技,16500,前程无忧
企业智能化管理设计师,北京,本科,3年及以上,北京机电工程研究所,75000,前程无忧
仿真验证工程师（SOC方向）,北京,本科,3年及以上,芯昇科技,22500,前程无忧
bim工程师,北京,本科,1年及以上,广州大发大资科技,14000,前程无忧
测试工程师,北京,大专,无需经验,北京中瓴时代科技,8500,前程无忧
信息部经理,北京,本科,5年及以上,苏州铠策微机械科技,30000,前程无忧
文件整理员,北京,大专,无需经验,北京京铭宏硕科技有限公司西安,7000,前程无忧
无效诉讼专利工程师,北京,本科,3年及以上,北京博思佳知识产权代理,22500,前程无忧
云计算/虚拟化运维工程师,北京,本科,1年及以上,新华网,15000,前程无忧
软件工程师（独立软件）,北京,本科,5年及以上,新鸿电子,30000,前程无忧
ETL 现场面试,北京,本科,3年及以上,深圳市法本信息技术,15500,前程无忧
后端开发工程师（应届）,北京,硕士,无需经验,贝咨曼管理咨询（北京）,7500,前程无忧
后端开发工程师-北京,北京,本科,3年及以上,中电科新型智慧城市研究院,15000,前程无忧
售前解决方案经理,北京,本科,8年及以上,杭州和利时自动化,20000,前程无忧
办公室文员实习生-接受小白,北京,大专,无需经验,天津职升在线咨询,5500,前程无忧
LIMS验证主管,北京,本科,5年及以上,艾万拓生命科学（上海）,8000,前程无忧
销售助理,北京,本科,1年,北京中杉金桥生物技术,9000,前程无忧
项目开发工程师(INC03F07),北京,本科,1年及以上,福建顶点软件,13000,前程无忧
嵌入式软件工程师（电力电子控制方向）,北京,本科,3-5年,成都清电易新能源,20000,前程无忧
软硬件电子工程师,北京,本科,3年及以上,太原国科半导体光电研究院,30000,前程无忧
数据分析（五险一金+补贴）,北京,大专,无需经验,河南腾桓人力资源,11500,前程无忧
算法工程师-2轮远程面试,北京,本科,3-5年,深圳建广数字科技有限公司青岛,20000,前程无忧
开发工程师,北京,本科,1年及以上,北京天舟上元信息技术,19500,前程无忧
Goalng 开发,北京,本科,5-10年,北京好好开车网络科技,40000,前程无忧
数据分析（五险一金，双休）,北京,大专,无需经验,山东星智海人力资源,11500,前程无忧
C# 软件工程师,北京,本科,5年及以上,赛诺联合医疗科技（北京）,16500,前程无忧
技术工程师—五险一金,北京,大专,无需经验,北京欧兴科技,7000,前程无忧
行政网管,北京,大专,无需经验,北京中瓴时代科技,8000,前程无忧
审计见习生,北京,大专,无需经验,中逸会计师事务所,3000,前程无忧
it技术支持,北京,大专,无需经验,北京爱儿美科技,8750,前程无忧
IT技术支持,北京,本科,无需经验,郑州多弥电子科技,8000,前程无忧
网络工程师,北京,大专,无需经验,上海目柏机电,8250,前程无忧
硬件工程师,北京,本科,3年及以上,浙江永贵电器,15000,前程无忧
桌面运维（双休，五险一金）,北京,大专,无需经验,江西仓岛科技,11000,前程无忧
大客户经理,北京,本科,2年及以上,万得信息技术,22500,前程无忧
EDA软件工程师,北京,硕士,1-5年,中科芯磁科技（珠海）,16000,前程无忧
电驱设备维修工程师,北京,本科,3年及以上,小米通讯技术,16000,前程无忧
it技术支持,北京,大专,1年及以上,北京博石众强商贸,12500,前程无忧
Java开发工程师-北京,北京,本科,4年及以上,康龙化成（北京）新药技术,11500,前程无忧
服务器装备测试工程师（北京通州区）,北京,本科,1-3年,软通计算机,8000,前程无忧
国央企实习生,北京,本科,无需经验,前锦网络信息技术（上海）,4500,前程无忧
图形显示系统工程师/架构师,北京,本科,3年及以上,恒玄科技（上海）,30000,前程无忧
资深工艺经理/总监,北京,硕士,8年及以上,研微（江苏）半导体科技,65000,前程无忧
软件测试工程师,北京,本科,3年及以上,广州竞远安全技术,13500,前程无忧
组装调试工程师,北京,大专,无需经验,北京欧兴科技,7000,前程无忧
高级统计师-数据产生中心组(J26885),北京,博士,1年及以上,信达生物制药（苏州）,27500,前程无忧
软件项目奖经理-可出差,北京,本科,3年及以上,北京三维天地科技股份有限公司济南,16500,前程无忧
Ai数据工程师,北京,本科,无需经验,顺鑫（北京）国际贸易,10000,前程无忧
解决方案高级经理,北京,本科,5年及以上,数坤科技,27500,前程无忧
驱动工程师（音视频会议）,北京,本科,5年及以上,深圳市明日实业,27500,前程无忧
软件设计与开发岗,北京,本科,无需经验,中国银行保险信息技术管理,20000,前程无忧
销售助理,北京,大专,4年及以上,四川格锐乾图科技,10000,前程无忧
售前解决方案专家,北京,本科,5年及以上,进迭时空（杭州）科技,35000,前程无忧
甘家口街道招聘,北京,大专,无需经验,北京中科航天人才服务,4000,前程无忧
销售经理（华北）,北京,本科,3年及以上,上海汉得信息技术,15000,前程无忧
软件工程师,北京,大专,无需经验,上海昭洋远科信息科技,15000,前程无忧
数据分析师（双休）,北京,大专,无需经验,北京屿博智能科技,10000,前程无忧
数据录入/数据分析,北京,本科,1-3年,杭州愿达网络科技有限公司北京,8000,前程无忧
装维经理,北京,大专,3年及以上,前锦网络信息技术（上海）,12000,前程无忧
数据分析师（双休加补贴）,北京,大专,无需经验,河南腾桓人力资源,10000,前程无忧
数据服务执行岗,北京,本科,无需经验,中国银行保险信息技术管理,20000,前程无忧
桌面运维工程师,北京,本科,1-3年,北京博石众强商贸,10000,前程无忧
实施工程师,北京,本科,无需经验,上海目柏机电,9000,前程无忧
DBA,北京,本科,3年及以上,北京弈云网络科技,32500,前程无忧
运维实施工程师,北京,本科,3年及以上,中盈优创资讯科技,9000,前程无忧
信息技术专员（双休+补贴）,北京,大专,无需经验,河南星芽网络科技,10000,前程无忧
功能测试(J10001),北京,本科,1年及以上,快助（天津）科技,7000,前程无忧
技术支持工程师（北京）,北京,大专,1年及以上,珠海市鸿瑞信息技术,9000,前程无忧
物联网工程师,北京,大专,无需经验,上海仁廉信息科技,11000,前程无忧
集群算法及实时数字孪生作战系统工程师,北京,博士,3年及以上,深圳市阿拉丁无人机,30000,前程无忧
知识图谱算法工程师（Python / 构建与应用方向）,北京,本科,3年及以上,深圳市易立德信息科技,19000,前程无忧
运维工程师（双休+补贴）,北京,大专,无需经验,河南星芽网络科技,10000,前程无忧
网络工程师,北京,大专,无需经验,上海狩利信息科技,10000,前程无忧
系统集成工程师,北京,本科,无需经验,北京欧兴科技,7500,前程无忧
信息化 /IT 专员,,本科,无需经验,北京望优兴铭酒店管理,10500,前程无忧
系统管理员（双休+补贴）,北京,大专,无需经验,河南星芽网络科技,9500,前程无忧
运维工程师-北京华北,北京,本科,1-3年,南京国瑞能源科技,8500,前程无忧
运维调试工程师—有师傅带—五险一金,北京,大专,无需经验,北京欧兴科技,7000,前程无忧
技术支持工程师-2轮远程面试,北京,本科,3年及以上,深圳建广数字科技有限公司青岛,20000,前程无忧
实施工程师,北京,本科,无需经验,上海狩利信息科技,10000,前程无忧
微软L1工程师（一线技术支持）(J10312),北京,大专,1年,北京昆仑联通科技发展,12500,前程无忧
渗透测试工程师,,大专,1年及以上,广州万方计算机科技,500,前程无忧
数据标注（双休）,北京,大专,无需经验,河南腾桓人力资源,10000,前程无忧
硬件运维工程师,北京,大专,无需经验,北京中瓴时代科技,9500,前程无忧
通信技术工程师,北京,大专,无需经验,上海狩利信息科技,11000,前程无忧
系统工程师（双休+补贴）,北京,大专,无需经验,河南星芽网络科技,10000,前程无忧
通信网络工程师,天津,本科,1年及以上,北京安鸿羽机械设备,8500,前程无忧
物联网平台技术经理,北京,本科,5年及以上,前锦网络信息技术（上海）,25000,前程无忧
数据分析助理,北京,大专,无需经验,四川非凡网毅科技,7000,前程无忧
三维C++软件研发工程师,北京,本科,3年及以上,正雅齿科科技（上海）,22500,前程无忧
云平台运维岗,北京,本科,1年及以上,中国银行保险信息技术管理,20000,前程无忧
项目工程师,北京,大专,无需经验,北京京铭宏硕科技,9500,前程无忧
信息技术部助理,北京,本科,3年及以上,北京金诚同达律师事务所,9000,前程无忧
数据通信工程师（双休+补贴）,北京,大专,无需经验,河南星芽网络科技,10000,前程无忧
药物警戒经理/专员,北京,本科,3年及以上,江苏群岳企业管理咨询,25000,前程无忧
软件功能体验员（双休）,北京,大专,无需经验,山东凯恩人力资源,10000,前程无忧
技术支持工程师,北京,本科,1年及以上,深圳市瑞意博信息技术,7000,前程无忧
实施工程师（双休+补贴）,北京,大专,无需经验,河南星芽网络科技,10000,前程无忧
桌面支持工程师,北京,本科,1年及以上,北京益久基业科技,6500,前程无忧
网络工程师（双休+补贴）,北京,大专,无需经验,河南星芽网络科技,10000,前程无忧
业务系统操作员,北京,大专,无需经验,北京棱澈科技,10000,前程无忧
数通售后工程师,北京,本科,无需经验,北京泰阳和正科技发展,11500,前程无忧
综合质量管理岗,北京,本科,3年及以上,航天科工空间工程发展,20000,前程无忧
数通工程师,北京,本科,1-3年,北京泰阳和正科技发展,10000,前程无忧
系统集成工程师,北京,大专,无需经验,北京京铭宏硕科技,9000,前程无忧
通信工程师助理,北京,大专,无需经验,北京中瓴时代科技,8500,前程无忧
网络运维工程师,北京,本科,5年及以上,上海融和元储能源,17500,前程无忧
信息录入员（五险一金+周末双休）,北京,大专,无需经验,材运多多（北京）科技,9750,前程无忧
硬件产品经理,石家庄,本科,无需经验,北京安鸿羽机械设备,9000,前程无忧
储备硬件工程师,北京,本科,无需经验,北京中科腾越科技发展,50000,前程无忧
云计算存储运维（线上面试）,北京,大专,3年及以上,上海速强信息技术,10500,前程无忧
AI技术经理(J10173),北京,硕士,3年及以上,上海索辰信息科技,35000,前程无忧
高性能并行计算开发工程师,北京,硕士,无需经验,北京三星通信技术研究,22500,前程无忧
信息录入（五险一金，双休）,北京,大专,无需经验,山东星智海人力资源,7500,前程无忧
大数据调研员（五险一金双休）,北京,大专,无需经验,合肥喜兔驿站货运代理,7000,前程无忧
iOS APP开发工程师,北京,本科,3年及以上,国广融合（北京）传媒科技发展,30000,前程无忧
AI工程师,北京,本科,1年及以上,北京国富会计师事务所（特殊普通合伙）,7000,前程无忧
初级硬件测试工程师,北京,本科,1年及以上,北京中科泰佳电子科技,8000,前程无忧
信息录入专员+五险+双休,北京,大专,无需经验,潍坊市博远人力资源,10500,前程无忧
技术工程师,北京,大专,无需经验,北京中瓴时代科技,9500,前程无忧
项目经理（电网行业）,北京,本科,6年及以上,佰聆数据股份有限公司北京,22500,前程无忧
网络调研(五险一金双休）,北京,大专,无需经验,合肥喜兔驿站货运代理,7000,前程无忧
云计算产品战略专家-北京(J13510),北京,本科,10年及以上,曙光信息产业,50000,前程无忧
北京通州区AI机器人数据采集员7男3女,北京,大专,无需经验,河北猎达人力资源服务,6500,前程无忧
技术内勤（双休）,北京,大专,无需经验,河南腾桓人力资源,10000,前程无忧
资料录入员（五险+补贴）,北京,大专,无需经验,济南古之文化传媒,10500,前程无忧
AI大模型芯片市场总监/经理,北京,本科,2年及以上,进迭时空（杭州）科技,35000,前程无忧
高性能计算工程师,北京,本科,1-3年,进迭时空（杭州）科技,50000,前程无忧
北京海淀中关村机器人AI数据采集员5人,北京,大专,无需经验,河北猎达人力资源服务,5500,前程无忧
档案管理员（双休+五险）,北京,大专,无需经验,济南古之文化传媒,10500,前程无忧
数据标注（五险一金 包食宿）,北京,大专,无需经验,安阳利博信息技术服务,10500,前程无忧
网络信息安全工程师,北京,大专,无需经验,河南星芽网络科技,10000,前程无忧
临床协调经理(北京）-非肿项目患者招募,北京,本科,2年及以上,海思科医药集团,20000,前程无忧
档案管理员（双休）,北京,大专,无需经验,北京屿博智能科技,10000,前程无忧
投资交易部信用研究岗(000815),北京,硕士,3年及以上,国盛证券,20000,前程无忧
初级软件工程师,北京,大专,无需经验,上海狩利信息科技,9500,前程无忧
数字技术研究部 智能体助手开发实习生,北京,本科,无需经验,日立（中国）,200,前程无忧
档案管理员（双休 五险一金）,北京,大专,无需经验,北京棱澈科技,10000,前程无忧
信息录入专员助理（五险一金+双休）,北京,大专,无需经验,材运多多（北京）科技,9750,前程无忧
通信测试工程师,北京,本科,无需经验,北京通和实益电信科学技术研究所,8000,前程无忧
工业机器人运维员（双休）,北京,大专,无需经验,山东凯恩人力资源,10000,前程无忧
测试工程师,北京,本科,无需经验,温州联虹智科网络科技,7000,前程无忧
数据咨询助理（五险双休）,北京,大专,无需经验,合肥喜兔驿站货运代理,7000,前程无忧
调度员（五险一金 包食宿）,北京,大专,无需经验,河南腾桓人力资源,10000,前程无忧
机器人开发工程师,北京,本科,无需经验,上海仁廉信息科技,15000,前程无忧
高薪/双休/闸机口设备运维,北京,中技/中专,无需经验,河北铁聘科技发展,9500,前程无忧
行业研究员,北京,博士,无需经验,广州赛宝认证中心服务,22500,前程无忧
整机测试,北京,大专,1年及以上,北京天航星际人力资源有限公司苏州,7500,前程无忧
数据调研助理（五险双休）,北京,大专,无需经验,合肥喜兔驿站货运代理,7000,前程无忧
国际金融与经济研究中心初/中级研究专员,北京,硕士,无需经验,清华大学,9000,前程无忧
fae现场应用工程师(机器人）,北京,本科,3年及以上,上海微创软件,13500,前程无忧
无人机测试工程师,北京,大专,无需经验,河南星芽网络科技,9500,前程无忧
ibm小机存储工程师,北京,大专,3年及以上,北京银信长远科技,11500,前程无忧
智能农机系统运维工程师,北京,大专,3-4年,北京市农林科学院信息技术研究中心,7500,前程无忧
轨道设备运维/月入过万,北京,,无需经验,河北庆瑞轨道交通,9000,前程无忧
机电工程师,北京,大专,无需经验,北京中瓴时代科技,9000,前程无忧
导航算法工程师,北京,本科,5-8年,北京御骅哲曦科技,27000,前程无忧
智能农机系统产品技术支持专员,北京,大专,1年,北京市农林科学院信息技术研究中心,7000,前程无忧
智能运维+带薪年假/五险一金,北京,,无需经验,河北庆瑞轨道交通,9000,前程无忧
打印机复印机学徒,北京,中技/中专,无需经验,北京华宇北创科技,5250,前程无忧
机电工程师,北京,大专,无需经验,北京欧兴科技,7000,前程无忧
机电工程师,北京,大专,无需经验,上海目柏机电,9000,前程无忧
AFC轨道设备运维/月入过万,北京,,无需经验,河北庆瑞轨道交通,9000,前程无忧
机电工程师,郑州,大专,无需经验,郑州如森信息科技,9500,前程无忧
通讯技术工程师,北京,大专,1年及以上,安阳启阳信息技术服务,11000,前程无忧
机器人运动控制算法工程师,北京,本科,1-3年,北京易美创研科技,22500,前程无忧
月入过万/带薪年假+设备运维,北京,,无需经验,河北庆瑞轨道交通,9000,前程无忧
线上家教辅导  50/小时,,本科,无需经验,铁岭亿禾教育科技,300,前程无忧
机器人研发软件工程师,北京,本科,1-3年,深圳蚂蚁工场科技,22500,前程无忧
前台接待（五险一金 包食宿）,北京,本科,无需经验,河南腾桓人力资源,8500,前程无忧
物联网工程师,北京,大专,1年及以上,安阳启阳信息技术服务,11000,前程无忧
afc设备运维工程师+包吃住,北京,中技/中专,无需经验,石家庄轨通智能科技,7000,前程无忧
设备调试工程师,北京,大专,无需经验,北京中瓴时代科技,10500,前程无忧
嵌入式硬件开发,北京,本科,无需经验,上海目柏机电,10000,前程无忧
售后技术支持工程师,北京,大专,3-4年,北京三瓦应用技术,15000,前程无忧
飞行汽车/无人机飞控开发工程师,北京,博士,1年及以上,深圳市阿拉丁无人机,22500,前程无忧
航空发动机试车台工程师,北京,本科,4年及以上,北京航空发动机维修,15000,前程无忧
CNC/数控操机,北京,大专,3-5年,北京普惠三航科技,7500,前程无忧
机械工程师,北京,大专,无需经验,郑州如森信息科技,10000,前程无忧
医学联络官/MSL-胃癌-北京,北京,硕士,2年及以上,第一三共（中国）投资,24000,前程无忧
机械工程师,北京,大专,无需经验,上海目柏机电,9000,前程无忧
机械工程师,北京,大专,2年及以上,河南哲步电子科技,10500,前程无忧
全国分支机构-投资顾问岗,北京,本科,2年及以上,西南证券,10500,前程无忧
自动化设备工程师,北京,大专,无需经验,北京中瓴时代科技,10000,前程无忧
系统运维工程师,北京,,无需经验,上海落花轲科技,10500,前程无忧
设备运维检修/包食宿,北京,,无需经验,石家庄华轨企业管理,7500,前程无忧
系统管理员,北京,大专,1年及以上,北京硕文恒达商贸,7000,前程无忧
设备维护工程师,北京,大专,1年及以上,上海仁廉信息科技,10500,前程无忧
技术支持工程师（北京）,北京,大专,1-3年,正元智慧集团,6000,前程无忧
AI老师,北京,本科,1年及以上,大鸣教育科技（北京）,3000,前程无忧
工程项目工程师CXFZ,北京,大专,无需经验,北京中盾安民分析技术,8000,前程无忧
IT维护专员,北京,大专,1年及以上,北京硕文恒达商贸,7500,前程无忧
研发部——AI研发工程师,北京,本科,无需经验,人民网,15000,前程无忧
桌面运维支持（北京 IT技术）,北京,大专,3年及以上,广州市宏意星计算机系统服务,8000,前程无忧
IT运维工程师V3,北京,本科,无需经验,快助（天津）科技,7000,前程无忧
软件技术支持,北京,大专,1年及以上,北京硕文恒达商贸,7500,前程无忧
发动机控制工程师,北京,本科,无需经验,北京普惠三航科技,15000,前程无忧
信息化运维专员,北京,本科,2年及以上,北京生命科学研究所,8000,前程无忧
机构业务岗,北京,硕士,无需经验,华金证券,15000,前程无忧
销售经理（北京）,北京,大专,3年及以上,福建金科信息技术,10000,前程无忧
机械设计工程师（SolidWorks）,北京,本科,3年及以上,巴施帝信息科技（上海）,12500,前程无忧
计算机科学与技术（五险+双休）,北京,大专,无需经验,北京佳俊领航科技,10500,前程无忧
IT管理员,北京,大专,1-3年,罗森（北京）,6000,前程无忧
系统集成工程师,北京,本科,1-3年,上海辰锐信息科技,8000,前程无忧
机械设计工程师（科学仪器）,北京,本科,5-10年,大束科技（北京）,18000,前程无忧
技术支持工程师,北京,大专,1年及以上,北京中泰创安科技,12500,前程无忧
天猫运营专员,北京,本科,3年及以上,北京三元食品,12500,前程无忧
初级软件工程师,石家庄,本科,无需经验,北京安鸿羽机械设备,7500,前程无忧
技术支持工程师 （基础平台）,北京,本科,1-2年,北京志与诚科技,11500,前程无忧
存储运维,北京,大专,2年及以上,上海速强信息技术,10000,前程无忧
技术运维岗,北京,本科,2年及以上,中足联体育发展（北京）,20000,前程无忧
运维工程师,北京,本科,1年及以上,北京硕文恒达商贸,8000,前程无忧
北京分公司总经理,北京,本科,5年及以上,财达证券,22500,前程无忧
IT项目高级开发运维工程师-北京,北京,本科,2年及以上,康龙化成（北京）新药技术,13500,前程无忧
系统安全,北京,本科,1年,北京硕文恒达商贸,7500,前程无忧
高级软件售前技术工程师,北京,本科,无需经验,北京华电园信息技术,10000,前程无忧
运维工程师(J10372),北京,本科,无需经验,快助（天津）科技,10000,前程无忧
IT专员,北京,本科,2年及以上,北京华源泰盟节能设备,7500,前程无忧
驻场运维工程师,北京,本科,5年及以上,北京牡丹电子集团,20000,前程无忧
阿里云智能-公共云解决方案架构师（出海方向）-北京,北京,本科,5-7年,阿里云计算,15000,前程无忧
AI运维工程师,北京,本科,2年及以上,深圳飞骧科技,14000,前程无忧
大客户销售经理,北京,本科,3年及以上,深圳市众云网,30000,前程无忧
技术支持工程师,北京,大专,1年,北京华琪软通技术,7500,前程无忧
数据运维,北京,,1年及以上,北京硕文恒达商贸,7500,前程无忧
贸易系统运维工程师,北京,本科,2年及以上,北京景宏安信科技发展,11500,前程无忧
IT Helpdesk技术支持工程师（面向企业客户）,北京,大专,1年,上海万利斯电子技术,5500,前程无忧
技术支持人员（北京）,北京,本科,1年及以上,合翼鑫（重庆）科技,12500,前程无忧
软件测试工程师,北京,本科,无需经验,北京通和实益电信科学技术研究所,8000,前程无忧
网络驻场-北京,北京,大专,2年及以上,广州天诚伟业通信科技,12000,前程无忧
售后技术支持（接受应届生）,北京,本科,无需经验,深圳市东微智能科技,6500,前程无忧
金蝶实施工程师,北京,大专,1年,北京金万众机械科技,11500,前程无忧
运维/ 技术支持,北京,本科,无需经验,上海盖讯信息技术,7000,前程无忧
电气工程师,北京,大专,1年,北京海得科过滤技术,6000,前程无忧
实施工程师助理,北京,大专,无需经验,邢台芮辰科技,8000,前程无忧
阿里云智能-专有云AI解决方案架构师(PdSA)-北京/杭州,北京,本科,5-7年,阿里云计算,15000,前程无忧
测试工程师,北京,大专,2年及以上,北京中泰创安科技,12500,前程无忧
软件测试及技术支持人员,北京,本科,1年,北京元生华网软件,9000,前程无忧
系统运维工程师,北京,本科,5年及以上,中信数字科技集团,22500,前程无忧
网络运维工程师,北京,,1年及以上,北京硕文恒达商贸,7500,前程无忧
驻场运维工程师-国企直签,北京,本科,5年及以上,前锦网络信息技术（上海）,20000,前程无忧
应用运行管理助理,北京,本科,1-2年,清华大学,11500,前程无忧
桌面支持工程师（实习生）,北京,大专,无需经验,北京益久基业科技,5000,前程无忧
驻场应用运维岗-国企直聘,北京,本科,5年及以上,前锦网络信息技术（上海）,17500,前程无忧
应用运维工程师(J11307),北京,本科,1年及以上,快助（天津）科技,6000,前程无忧
运维工程师,北京,本科,5年及以上,北京牡丹电子集团,16000,前程无忧
数据运营（双休）,北京,大专,无需经验,北京皓志科技,10000,前程无忧
网络工程师（北京）,北京,本科,3年及以上,上海华讯网络系统,15000,前程无忧
信息化专员,北京,本科,2年及以上,北京市燕都泰华企业管理集团,7000,前程无忧
技术支持工程师,北京,大专,无需经验,欧科佳（上海）汽车电子设备,5250,前程无忧
AI应用场景研发工程师（北京）(J15265),北京,本科,1年,北京先进数通信息技术股份,14000,前程无忧
智能座舱专员（双休）,北京,大专,无需经验,山东凯恩人力资源,10000,前程无忧
ERP运维工程师-北京,北京,本科,1年及以上,康龙化成（北京）新药技术,10000,前程无忧
java,北京,本科,3年及以上,云南中航星北斗科技,11500,前程无忧
软件开发助理工程师,北京,本科,1-3年,北京安德建奇数字设备,10000,前程无忧
AI课程开发辅助人员,北京,硕士,1-3年,北京生命科学研究所,11500,前程无忧
电子商务运营主管,北京,大专,3年及以上,北京云存科技,10000,前程无忧
软件工程师,北京,硕士,3-5年,国投融合科技,7500,前程无忧
中级算法工程师,北京,本科,2年及以上,融捷教育科技,27500,前程无忧
IT销售经理（信创赛道+高提成）,北京,大专,2年及以上,深圳市天锐计算机技术,12500,前程无忧
应用工程师 (MJ000319),北京,本科,3年及以上,北京藏卫信康医药研发,12500,前程无忧
5G 协议栈软件工程师,北京,本科,2年及以上,中航科创,28500,前程无忧
网络安全工程师,北京,硕士,2年及以上,中国互联网络信息中心（CNNIC）,21000,前程无忧
电气工程师助理,北京,大专,无需经验,北京京铭宏硕科技,7500,前程无忧
大数据开发工程师（短期派遣）,北京,本科,5-8年,南京六朝云智科技,15000,前程无忧
数据分析师,北京,本科,无需经验,上海狩利信息科技,12500,前程无忧
大数据开发运维岗,北京,硕士,3年及以上,长城人寿保险,15000,前程无忧
弱电工程师,北京,本科,2年及以上,昆仑数智科技,15500,前程无忧
数据分析师,北京,本科,无需经验,上海目柏机电,11000,前程无忧
高级销售经理（子公司SaaS软件）,北京,本科,5年及以上,上海汉得信息技术,21500,前程无忧
建筑电气工程师,北京,本科,3年及以上,北京弘奇装饰设计,12000,前程无忧
解决方案部经理-J038BJ,北京,本科,1-3年,上海杰之能软件科技,27500,前程无忧
AI智能体架构师,北京,本科,3-5年,亚信科技（中国）,26500,前程无忧
软件测试工程师（北京）,北京,本科,3年及以上,上海华虹集成电路,25000,前程无忧
AI大模型算法工程师,北京,硕士,3年及以上,恩士迅信息科技（中国）,30000,前程无忧
5G Java开发工程师,北京,本科,3年及以上,中航科创,21000,前程无忧
总装设备维修工程师,北京,本科,3年及以上,小米通讯技术,16000,前程无忧
Web前端开发工程师（机器人应用方向）,北京,本科,1年及以上,北京市农林科学院信息技术研究中心,13500,前程无忧
软件架构师（NVIDIA 全栈）,北京,本科,2年及以上,苏州超集信息科技,32500,前程无忧
北京--通信产品行业销售经理,北京,本科,2年及以上,深圳市腾远智拓电子,22500,前程无忧
售前技术顾问（北京、沈阳、成都）,北京,本科,5年及以上,南京国睿信维软件,15000,前程无忧
DS1110交付经理（北京）,北京,本科,3年及以上,上海迪爱斯信息技术,16500,前程无忧
Java开发（北京）-项目驻场,北京,本科,3年及以上,武汉市胜意科技发展,16000,前程无忧
机器视觉与具身智能工程师,北京,本科,1年,北京生命科学研究所,12000,前程无忧
技术支持工程师（北京）,北京,本科,3年及以上,深圳市瑞意博信息技术,8500,前程无忧
云运维驻场工程师,北京,大专,1年及以上,上海汉盛信息科技,7000,前程无忧
上位机开发（C++/QT）,北京,本科,3年及以上,北京万联达信科仪器,13500,前程无忧
信息化运维工程师—甲方实施,北京,本科,1年及以上,北京中亦安图科技,12500,前程无忧
测试工程师,北京,本科,3-5年,嘉驰英才（上海）信息科技,14000,前程无忧
智能驾驶辅助专员（双休）,北京,大专,无需经验,山东凯恩人力资源,10000,前程无忧
涂装设备工程师,北京,本科,3年及以上,小米通讯技术,20000,前程无忧
产品经理,北京,硕士,2年及以上,长城人寿保险,16500,前程无忧
理赔数据分析岗(J10272),北京,本科,2年及以上,现代财产保险（中国）,18000,前程无忧
sfe经理,北京,本科,3年及以上,通化东宝药业,37500,前程无忧
售前经理,北京,本科,2年及以上,中海成（北京）技术,14000,前程无忧
实施工程师,北京,本科,1年及以上,广船国际,9500,前程无忧
IT桌面运维,北京,大专,3年及以上,同创双子（北京）信息技术,5750,前程无忧
普惠金融运营（五险一金+周末双休）,北京,本科,1年及以上,信雅达（杭州）计算机服务,9000,前程无忧
嵌入式软件开发,北京,本科,5年及以上,上海万业元创科技,30000,前程无忧
PLM系统工程师,北京,大专,3年及以上,北京维盛复合材料,11500,前程无忧
ERP录入员,北京,大专,1年及以上,北京博石众强商贸,7000,前程无忧
技术支持/维护工程师,北京,本科,无需经验,上海目柏机电,11000,前程无忧
初级嵌入式开发工程师,北京,本科,1-3年,加禾科技（深圳）,11000,前程无忧
智能税务产品经理(A70214),北京,硕士,5年及以上,昆仑数智科技,40000,前程无忧
上位机软件工程师,北京,本科,无需经验,中核粒子医疗科技,22500,前程无忧
电气工程师,北京,本科,3年及以上,前锦网络信息技术（上海）,14500,前程无忧
初级java开发工程师,北京,大专,无需经验,上海狩利信息科技,9500,前程无忧
上位机软件工程师,北京,大专,1年及以上,武汉玄鼎实业合伙企业（有限合伙）,10000,前程无忧
数据分析助理,北京,大专,无需经验,北京中瓴时代科技,8000,前程无忧
投资交易部量化交易模型部署岗(000846),北京,硕士,3年及以上,国盛证券,20000,前程无忧
初级软件测试工程师,北京,大专,无需经验,上海狩利信息科技,8500,前程无忧
硬件工程师（DSP控制工程师）FXJS,北京,硕士,无需经验,北京中盾安民分析技术,12000,前程无忧
上位机研发工程师,北京,本科,3年及以上,北京紫光新锐科技发展,17500,前程无忧
医疗机器人控制算法工程师,北京,本科,1年及以上,北京天智航医疗科技,20000,前程无忧
游戏测试专员（双休）,北京,大专,无需经验,山东凯恩人力资源,10000,前程无忧
技术研发工程师,北京,本科,1年,北京凯德兴光电子信息技术,6500,前程无忧
研发中心-AI数据工程师-北京,北京,硕士,3年及以上,人保信息科技,27500,前程无忧
业务助理,北京,大专,无需经验,宁波中嘉科贸,7000,前程无忧
型号质量管理岗,北京,本科,3年及以上,航天科工空间工程发展,20000,前程无忧
耳机产品经理岗(J47798),北京,本科,3年及以上,京东方科技集团,20000,前程无忧
电子档案管理员（五险一金）,,大专,无需经验,北京汉志商贸,8250,前程无忧
电子文档处理员（双休）,北京,大专,无需经验,山东凯恩人力资源,10000,前程无忧
资深算法科学家 / 具身智能与物理AI专家,北京,博士,无需经验,亚信科技（中国）,42500,前程无忧
信访投诉服务岗（数据统计分析）,北京,本科,1年及以上,北京市生态环境局政务服务中心,6700,前程无忧
整机产品经理岗(J51984),北京,本科,10年及以上,京东方科技集团,30000,前程无忧
解决方案-工业AI菁英人才后备,北京,本科,1-3年,北京和利时工业软件,14000,前程无忧
初级审计助理,北京,本科,1-2年,中逸会计师事务所,5000,前程无忧
机器人电子控制工程师,北京,本科,3年及以上,武汉玄鼎实业合伙企业（有限合伙）,12500,前程无忧
AI工业视觉产品经理,北京,本科,5年及以上,亚信科技（中国）,24000,前程无忧
资料整理员（五险一金 包食宿）,北京,大专,无需经验,安阳利博信息技术服务,10000,前程无忧
研发工程师（前端开发）,北京,本科,5年及以上,中铝数为（成都）科技,23500,前程无忧
智能农机产品销售经理,北京,大专,1年,北京市农林科学院信息技术研究中心,12500,前程无忧
行政电脑操作员（双休）,北京,大专,无需经验,山东凯恩人力资源,10000,前程无忧
研发助理工程师,北京,大专,1年,北京芯同汇科技,6500,前程无忧
人事助理,北京,本科,1年及以上,北京合力亿捷科技,7000,前程无忧
质量总监兼体系管理工程师,北京,本科,5年及以上,曙光信息产业,30000,前程无忧
具身智能数据采集员,北京,大专,无需经验,精匠通途数智（北京）科技,4250,前程无忧
催收专员(J11251),北京,大专,1年,上海皓元生物医药科技,10000,前程无忧
Linux驱动工程师,北京,本科,5-7年,加禾科技（深圳）,30000,前程无忧
电子档案管理员（五险一金）,北京,大专,无需经验,北京望优兴铭酒店管理,8000,前程无忧
嵌入式硬件设计师,北京,本科,无需经验,北京普惠三航科技,15000,前程无忧
SAP软件实施与管理岗(J10129),北京,本科,3年及以上,中国有色金属建设,45000,前程无忧
数据中心项目经理（机电）,北京,本科,无需经验,字节跳动,30000,前程无忧
文件整理员,北京,大专,无需经验,北京中瓴时代科技,7500,前程无忧
机器人运控算法工程师  WBC重向与辨识,北京,硕士,2年及以上,北京华锐人力资源,45000,前程无忧
脑机接口算法工程师,北京,博士,5年及以上,深圳市阿拉丁无人机,42000,前程无忧
机械工程师/机械自动化工程师,北京,本科,1-3年,中国科学院物理研究所,8500,前程无忧
产业/机构业务经理（北京朝阳分公司） (MJ000195),北京,本科,1年及以上,国泰君安期货,11500,前程无忧
机械工程师,北京,本科,2年及以上,北京丽阳虹科技,9000,前程无忧
机器学习工程师（物理仿真）(J10037),北京,博士,无需经验,上海索辰信息科技,32500,前程无忧
资深芯片设计工程师-北京(J10319),北京,硕士,5年及以上,中科芯集成电路,52500,前程无忧
机器人动作训练师,北京,中技/中专,无需经验,上海麻小袋科技,5500,前程无忧
嵌入式高级工程师 (MJ002259),北京,本科,5年及以上,佳都科技集团,25000,前程无忧
发动机设计工程师,北京,本科,无需经验,北京普惠三航科技,15000,前程无忧
ai训练师-济南,北京,本科,无需经验,北京智脉驰科技,4500,前程无忧
机械设计和设备开发岗,北京,本科,无需经验,北京市农林科学院信息技术研究中心,8500,前程无忧
资料整理（双休）,北京,大专,无需经验,北京皓志科技,10000,前程无忧
算法实习生-国际化内容安全平台,北京,硕士,无需经验,字节跳动,7000,前程无忧
机构客户经理,北京,本科,2年及以上,国泰海通证券股份有限公司北京,10500,前程无忧
企划经理,北京,本科,3年及以上,赛尔网络,14000,前程无忧
项目经理,北京,本科,3年及以上,北京金鼎文科技,22500,前程无忧
智能机器人研发专家 (A109064),北京,硕士,10年及以上,昆仑数智科技,50000,前程无忧
售前技术支持（北京）,北京,本科,5年及以上,广州鼎甲计算机科技,21500,前程无忧
质量工程师（北京通州区）,北京,本科,3年及以上,软通计算机,8000,前程无忧
机电经理（北京）,北京,本科,3-4年,字节跳动,30000,前程无忧
销售经理-北京,北京,大专,2年及以上,上海万欣计算机信息科技,15000,前程无忧
副研究员、助理研究员、博士后（王小林课题组）,北京,博士,1年,北京纳米能源与系统研究所,15000,前程无忧
商业销售经理（北京）,北京,大专,3-5年,广州鼎甲计算机科技,13000,前程无忧
soc存储系统验证专家,北京,本科,5年及以上,北京玖阳管理咨询,40000,前程无忧
采购经理（双休）,北京,本科,3年及以上,北京华鉴三能教育咨询,8000,前程无忧
网络工程师,北京,硕士,2年及以上,江苏致网科技,15000,前程无忧
商办项目机电经理（北京/上海）,北京,本科,5-7年,字节跳动,25000,前程无忧
机电高级经理（海外）,北京,本科,8年及以上,万数（上海）投资,30000,前程无忧
电气工程师(002385),北京,本科,8年及以上,深圳市卓越物业管理,18500,前程无忧
数据中心-基础资源管理岗（云运维方向）-北京,北京,硕士,3年及以上,人保信息科技,27500,前程无忧
应用运维工程师-国企直签,北京,本科,5年及以上,前锦网络信息技术（上海）,20000,前程无忧
有机粘接,北京,大专,1年及以上,北京天航星际人力资源有限公司苏州,7000,前程无忧
数据中心-基础资源管理岗（设备管理方向）-北京,北京,硕士,5年及以上,人保信息科技,27500,前程无忧
开发运维工程师,北京,本科,3年及以上,西安中科天塔科技,13000,前程无忧
北京联通石景山分公司智家工程师,北京,大专,无需经验,北京市电信工程局,7500,前程无忧
工艺安全工程师-有机化学合成化工方向,北京,硕士,无需经验,康龙化成（北京）新药技术,11500,前程无忧
数据中心-基础资源管理岗（云资源方向）-北京,北京,硕士,3年及以上,人保信息科技,27500,前程无忧
阿里云智能-AI Agent开发平台资深技术专家-北京/杭州,北京,本科,8-9年,阿里云计算,15000,前程无忧
设备工程师(J10570),北京,本科,3年及以上,广州诺诚健华医药科技,16000,前程无忧
sap系统运维岗(J13038),北京,本科,3年及以上,大家信科,22500,前程无忧
高级机械结构工程师,北京,本科,6年及以上,易联数科（苏州）信息科技服务,50000,前程无忧
阿里云智能-AI Agent开发平台-杭州/北京,北京,本科,3-4年,阿里云计算,15000,前程无忧
售前文档工程师,北京,本科,2年及以上,北京中泰创安科技,11500,前程无忧
结构设计工程师,北京,大专,2-5年,加禾科技（深圳）,11000,前程无忧
技术服务工程师,北京,大专,2年及以上,成都永新医疗设备,8000,前程无忧
阿里云智能-AI销售专家-北京（京津大区）,北京,本科,5-7年,阿里云计算,15000,前程无忧
口腔门诊智能工牌销售合伙人,,中技/中专,1年及以上,北京华琪软通技术,7500,前程无忧
MySQL DBA,北京,本科,4年及以上,上海新炬网络信息技术,17500,前程无忧
高级开发工程师,北京,本科,1-3年,北京贝瑞和康生物技术,19000,前程无忧
php开发工程师 (MJ002349),北京,本科,1-3年,北京希瑞亚斯科技,12500,前程无忧
售前解决方案工程师（AI大模型）,北京,本科,3年及以上,中数通信息,17500,前程无忧
数据中心-应用安全岗-北京(J77108),北京,硕士,3年及以上,人保信息科技,27500,前程无忧
python开发工程师,北京,本科,5年及以上,龙源数字城市（北京）科技,16500,前程无忧
ARGO事业部-解决方案架构师（金融科技）-北京,北京,本科,8-9年,阿里云计算,15000,前程无忧
智慧交通算法工程师,北京,博士,3年及以上,深圳市阿拉丁无人机,30000,前程无忧
研发部——后端开发工程师,北京,本科,2年及以上,人民网,15000,前程无忧
网络安全运维工程师,北京,本科,3年及以上,中铁建网络信息科技,17500,前程无忧
售前售后技术支持,北京,本科,1年,北京凯迪兴业网络技术,7500,前程无忧
算法工程师（多模态大模型方向）-拔尖计划,北京,硕士,2年及以上,中国移动通信有限公司在线营销服务中心,23000,前程无忧
阿里云智能-Leads运营-北京/杭州,北京,本科,5-7年,阿里云计算,15000,前程无忧
算法研究员,北京,博士,1年及以上,北京雷泰腾飞医疗科技,27500,前程无忧
初级算法工程师,北京,本科,1-5年,融捷教育科技,20000,前程无忧
架构师,北京,本科,5年及以上,北京市计算中心,30000,前程无忧
5G C语言开发工程师（OM开发）,北京,本科,3年及以上,中航科创,21000,前程无忧
操作系统研发工程师,北京,本科,2年及以上,前锦网络信息技术（上海）,30000,前程无忧
研发中心-数据系统开发岗,北京,硕士,5年及以上,人保信息科技,27500,前程无忧
网络管理岗,北京,硕士,5年及以上,长城人寿保险,11000,前程无忧
数据架构岗（平台建设与数据应用方向）(J77116),北京,硕士,5年及以上,人保信息科技,27500,前程无忧
IDC电气设计师,北京,本科,3年及以上,中金数据运营管理（天津）,25000,前程无忧
需求分析师（客服领域大模型方向）,北京,本科,3年及以上,中国移动通信有限公司在线营销服务中心,20000,前程无忧
售前技术支持工程师（北京）,北京,硕士,3年及以上,上海国际技贸联合,15000,前程无忧
综合维修工（北京毛线厂）,北京,中技/中专,无需经验,北京铜牛集团,6000,前程无忧
高级DBA服务,北京,本科,5年及以上,深圳市法本信息技术,14000,前程无忧
研发中心-数据开发岗-北京,北京,硕士,3年及以上,人保信息科技,27500,前程无忧
研发中心-AI大模型测试开发岗-北京,北京,硕士,2年及以上,人保信息科技,27500,前程无忧
可视化流程画布前端开发,北京,本科,1-3年,北京华琪软通技术,12000,前程无忧
FPC（柔性电路板）设计员,北京,大专,1年,北京京正和机电技术,6500,前程无忧
测试开发工程师,北京,本科,3年及以上,北京希瑞亚斯科技,17500,前程无忧
阿里云智能-MAAS生态运营专家-北京,北京,本科,5-7年,阿里云计算,15000,前程无忧
初级Web前端开发工程师,北京,本科,无需经验,融捷教育科技,11500,前程无忧
PCB Layout工程师,北京,大专,无需经验,北京京正和机电技术,6500,前程无忧
渠道经理/主管（具身智能）,北京,本科,3年及以上,广东汇博机器人技术,12500,前程无忧
前端开发工程师,北京,本科,1-3年,北京中体网科技,9000,前程无忧
法务主管-北京(J13674),北京,本科,5年及以上,曙光信息产业,19000,前程无忧
项目助理,北京,本科,3年及以上,北京市计算中心,11000,前程无忧
自动化测试工程师,北京,大专,3-5年,嘉驰英才（上海）信息科技,14000,前程无忧
电气工程师,北京,大专,5年及以上,万数（上海）投资,17500,前程无忧
产品线经理（服务器存储器方向）,北京,本科,3年及以上,深圳市科通技术,17500,前程无忧
物联网业务售前解决方案专家,北京,硕士,10年及以上,昆仑数智科技,50000,前程无忧
Java后端开发工程师,北京,本科,3年及以上,北京中泰创安科技,15000,前程无忧
ERP人力实施顾问,北京,本科,3年及以上,青岛瑞高咨询管理,12000,前程无忧
AI产品经理,北京,本科,5年及以上,中盈优创资讯科技,25000,前程无忧
金融产品经理（软硬件）(J51364),北京,本科,5年及以上,京东方科技集团,22500,前程无忧
数字化管理岗（生产域顾问）,北京,本科,3年及以上,亚钾（北京）国际钾盐开发,22500,前程无忧
瓴羊-资源运营专家-北京/杭州,北京,本科,5-7年,阿里云计算,15000,前程无忧
工业软件高级研发工程师,北京,本科,无需经验,清华大学,22500,前程无忧
中核粒子-放疗-影像软件工程师(J28731),北京,本科,3年及以上,中核粒子医疗科技,22500,前程无忧
渠道销售经理,北京,大专,2年,上海智位机器人,10000,前程无忧
网络安全解决方案架构师,北京,硕士,10年及以上,广州千野商务服务,35000,前程无忧
SLAM算法工程师,北京,本科,1年及以上,北京市农林科学院信息技术研究中心,16000,前程无忧
算法工程师AJ,北京,硕士,无需经验,北京中盾安民分析技术,15000,前程无忧
解决方案经理,北京,本科,5年及以上,深圳市佳贤通信科技,20000,前程无忧
Java技术经理,北京,本科,5年及以上,亚信科技（中国）,17500,前程无忧
阿里云智能-专有云智算训推优化方向-智算方向,北京,硕士,3-4年,阿里云计算,15000,前程无忧
解决方案销售经理 (MJ004314),北京,本科,3年及以上,广电运通集团,16000,前程无忧
生物信息分析师—NIBS流式中心招聘,北京,本科,1年,北京生命科学研究所,7500,前程无忧
软件工程师,北京,硕士,3年及以上,北京速迈医疗科技,17500,前程无忧
高级通号维修工程师（通信/电源方向）-北京-01248,北京,大专,6年及以上,北京京港地铁,14000,前程无忧
软件产品经理,北京,硕士,无需经验,北京津发科技,12500,前程无忧
销售经理（运营商行业）（北京）,北京,本科,3-4年,凯通科技,17500,前程无忧
生产调试工程师,北京,本科,3年及以上,北京美讯泰科通信技术,12000,前程无忧
生理脑电算法工程师,北京,硕士,无需经验,北京津发科技,27500,前程无忧
golang开发工程师,北京,本科,3年及以上,杭州谐云科技,21000,前程无忧
人工智能专业方案产品经理,北京,硕士,3年及以上,联想弘扬科技（北京）,32500,前程无忧
AI架构师,北京,硕士,5年及以上,广州赛意信息科技,35000,前程无忧
无线通信CUDA开发工程师,北京,硕士,无需经验,北京三星通信技术研究,22500,前程无忧
研发中心-大模型算法研发工程师（高级工程师及以上）,北京,硕士,6年及以上,人保信息科技,32500,前程无忧
C++应用开发工程师,北京,本科,3年及以上,恒宝,17500,前程无忧
Java（中高级）,北京,本科,4-10年,上海速强信息技术,14000,前程无忧
java开发工程师,北京,本科,3年及以上,南京恒生启金科技,15000,前程无忧
计算语言学实习生（ASR方向）-Data语音,北京,本科,无需经验,字节跳动,6000,前程无忧
软件测试工程师应届生本科双休,上海,本科,无需经验,河南芯码智能科技,11000,前程无忧
朝九晚六/网络数据审核员/五险一金,上海,大专,无需经验,上海课实电子科技,11500,前程无忧
信息专员（计算机/硬件维护）,上海,本科,无需经验,国投沪康（上海）养老服务,8000,前程无忧
it运维工程师本科应届生优先,上海,本科,无需经验,河南芯码智能科技,11000,前程无忧
软件运维实习生（可转正）,上海,大专,无需经验,上海星慧源科技,4500,前程无忧
IT助理,上海,大专,1-2年,上海宜可环保科技,6500,前程无忧
办公室文员-计算机方向,上海,大专,1年,上海融和骏玖新能源科技,6000,前程无忧
计算机信息系统技术员,上海,本科,无需经验,上海蔡同德药业,90000,前程无忧
应用运维（应届生）,上海,本科,1年及以上,上海共联通信信息发展,11500,前程无忧
IT桌面运维,上海,大专,1年及以上,上海纳格西斯商标,7000,前程无忧
实习生（IT助理工程师）,上海,大专,无需经验,上海矽睿科技,3500,前程无忧
初中级桌面运维工程师,上海,大专,1-3年,上海飞奥信息技术服务,7000,前程无忧
初级软件测试工程师,上海,大专,无需经验,上海狩利信息科技,8500,前程无忧
桌面运维工程师,上海,本科,1年及以上,上海彭馋巍科技,12000,前程无忧
数据分析助理（数据清洗标注）,上海,本科,无需经验,上海慧铂信息技术,7500,前程无忧
计算机实习生,上海,大专,无需经验,上海鹏禹热能科技,3250,前程无忧
总行-信息科技岗（信息安全）,上海,本科,1年及以上,国泰世华银行（中国）,12000,前程无忧
IT助理,上海,大专,1年及以上,上海埃斯埃医疗技术,4500,前程无忧
学校网管,上海,大专,1年,上海聚劲机电系统工程,7000,前程无忧
大数据分析,上海,大专,无需经验,上海钧如科技,11500,前程无忧
java开发工程师本科双休应届生优先,上海,本科,无需经验,河南芯码智能科技,11000,前程无忧
产品实习生（限27，无转正）,上海,本科,无需经验,卡赫贸易（中国）,200,前程无忧
初级软件工程师,上海,大专,无需经验,上海狩利信息科技,9500,前程无忧
初级游戏测试,上海,,无需经验,世宜德（上海）信息科技,200,前程无忧
需求分析师,上海,本科,无需经验,西安融界电子科技,11000,前程无忧
信息管理员（IT综合岗）,上海,本科,无需经验,杭州海德世拉索系统,8000,前程无忧
AI方向后端开发工程师（实习）,上海,,无需经验,美团,7000,前程无忧
设备维护工程师（上海）,上海,本科,无需经验,仲利国际融资租赁,10000,前程无忧
+ 计算机芯片硬件技术支持 （周末双休）,上海,大专,1年及以上,赛科斯信息技术（上海）,6500,前程无忧
IT管培生,上海,本科,无需经验,上海先导基电科技,10000,前程无忧
实习生（软件测试）,上海,本科,无需经验,锐嘉科投资控股,3500,前程无忧
管理培训生（技术方向）,上海,大专,1年及以上,上海动亦科技,6000,前程无忧
AI训练师,上海,大专,无需经验,上海久页信息科技,8500,前程无忧
信息化专员,上海,本科,1年,上海中冶环保运营管理,10000,前程无忧
IT专员,上海,大专,无需经验,上海市民办协和双语学校,10500,前程无忧
AI应用开发（双休）,上海,本科,无需经验,西安融界电子科技,11500,前程无忧
信息技术-开发测试岗(J10244),上海,本科,无需经验,申港证券,15000,前程无忧
初级测试工程,上海,大专,1年及以上,上海钧如科技,11500,前程无忧
AI训练师,上海,大专,1年及以上,上海微创软件,9500,前程无忧
产品助理,上海,本科,无需经验,原极（上海）科技,9000,前程无忧
检测数据分析处理员,上海,本科,无需经验,中国科学院上海光学精密机械研究所,90000,前程无忧
网络工程师,上海,大专,1年,上海捷卫信息科技,9000,前程无忧
运维工程师（实习可转正）,上海,大专,无需经验,上海恒信电脑软件,6250,前程无忧
软件开发助理工程师,上海,本科,无需经验,星耀芯科（上海）科技,10000,前程无忧
技术支持工程师,上海,本科,无需经验,江苏恰宜则电气设备,13000,前程无忧
数据分析岗,上海,本科,1年,维度信息技术（苏州）有限公司上海,8500,前程无忧
网管兼文印专员,上海,本科,2年及以上,上海市宝山华曜高级中学,7000,前程无忧
AI标注员,上海,本科,无需经验,上海道乎电子商务,7500,前程无忧
数据分析师（base人资团队）(J25016),上海,本科,1年及以上,上海旺旺食品集团,12500,前程无忧
软件测试,上海,本科,无需经验,江苏恰宜则电气设备,13000,前程无忧
网络工程师（上海）,上海,大专,无需经验,上海寰创通信科技,7000,前程无忧
软件实施专员,上海,本科,无需经验,锋泾（中国）建材集团,10000,前程无忧
IT技术支持  双休不加班,上海,本科,2年及以上,上海科迪威贸易商行,8000,前程无忧
软件设计工程师-赛克力,上海,本科,无需经验,上海电缆研究所,10000,前程无忧
机械助理文员(上海)(J10687),上海,本科,1年及以上,善诚科技发展（上海）,7500,前程无忧
产品研发助理,上海,本科,无需经验,锋泾（中国）建材集团,10000,前程无忧
AI 运维专员,上海,大专,1年及以上,连际科技集团,10000,前程无忧
AI应用专员,上海,大专,3年及以上,上海杰达齿科制作,10500,前程无忧
IT助理见习生(J13893),上海,大专,无需经验,上海天逸电器,130,前程无忧
技术文员,上海,本科,无需经验,采埃孚汽车科技（上海）,5750,前程无忧
信息技术支持工程师,上海,本科,1-2年,北京中科航天人才服务,10000,前程无忧
人工智能,上海,本科,无需经验,江苏恰宜则电气设备,14000,前程无忧
计算机老师,上海,本科,3年及以上,上海励滕伯克曼教育科技,17500,前程无忧
软件工程师,上海,大专,无需经验,上海昭洋远科信息科技,15000,前程无忧
2026-PM-数据分析师-Biodev (MJ009510),上海,本科,无需经验,上海药明生物技术,11500,前程无忧
数据与知识工程师,上海,本科,1年及以上,上海集成电路材料研究院,17000,前程无忧
系统技术支持,上海,大专,1年及以上,上海恒信电脑软件,7500,前程无忧
it技术支持,上海,大专,无需经验,东方国际商业（集团）,7000,前程无忧
软件编程助理工程师,,本科,无需经验,上海联百商业设备,200,前程无忧
软件测试,上海,本科,无需经验,南京睿灿欣电气设备,10500,前程无忧
软件测试,上海,大专,1年及以上,上海秉荣数科科技,15500,前程无忧
数据运营 8-13k  14薪,上海,本科,1年及以上,上海艾施派尔生物科技,10500,前程无忧
网络管理员,上海,大专,1年及以上,上海虹迪物流科技,8000,前程无忧
六西格玛助理,上海,本科,1年及以上,中恒创科（上海）工业智能科技,12000,前程无忧
人寿-上海分公司-信息安全与运维it（管培生）,上海,本科,无需经验,泰康人寿保险有限责任公司上海,8500,前程无忧
技术研发助理,上海,本科,无需经验,上海锐测电子科技,8500,前程无忧
（大飞机）软件工程师（应届）,上海,本科,无需经验,上海柏飞电子科技,9000,前程无忧
系统管理员（应届生）,上海,本科,无需经验,上海积塔半导体,12500,前程无忧
售后工程师,上海,大专,无需经验,英美科自动化设备（上海）,7000,前程无忧
数据分析师,上海,大专,无需经验,上海昭洋远科信息科技,10500,前程无忧
无人机飞手维修 接受0经验,上海,中技/中专,无需经验,智光集能（江苏）新能源科技,9000,前程无忧
数据分析,上海,本科,1年及以上,安徽哈能时代智能机器人,12500,前程无忧
AI产品应用实习生,上海,本科,无需经验,科或（上海）电子,6500,前程无忧
软件工程师,上海,本科,无需经验,金泰线业（上海）,10000,前程无忧
网络工程师,上海,大专,无需经验,上海目柏机电,8250,前程无忧
管培生（机械、电气、软件、材料）,上海,本科,无需经验,上海微釜半导体设备,11000,前程无忧
数据分析师,上海,大专,1-2年,北京京铭宏硕科技,9500,前程无忧
助理数据分析师,上海,本科,1-3年,上海环盛商业,7250,前程无忧
数据分析,上海,本科,1年及以上,上海智期科技,7500,前程无忧
IT项目助理,上海,本科,无需经验,海尔融资租赁,11500,前程无忧
linux运维工程师（五险一金）,上海,本科,无需经验,上海王可风信息技术,17000,前程无忧
技术文员,上海,大专,无需经验,上海新时达电气,8250,前程无忧
项目管理岗（2026届校园招聘）,上海,本科,无需经验,东海证券,9000,前程无忧
信息技术员,上海,大专,1-3年,上海乐之药医药,11000,前程无忧
网络工程师,上海,大专,无需经验,上海昭洋远科信息科技,10500,前程无忧
白夜休休或常白班+IDC机房运维,上海,,1年及以上,深圳市法本信息技术,7000,前程无忧
运维工程师,上海,大专,1-3年,上海万序健康科技,8000,前程无忧
（民机）系统工程师（应届）,上海,本科,无需经验,上海柏飞电子科技,9000,前程无忧
软件工程师（初级/中级）,上海,本科,无需经验,上海骐骥极创电子科技,10500,前程无忧
网络工程师,上海,大专,无需经验,上海狩利信息科技,10000,前程无忧
运维工程师,上海,本科,无需经验,上海精岳铉电子科技,10000,前程无忧
助理机器视觉工程师,上海,大专,无需经验,上海贝特威自动化科技,6000,前程无忧
数据分析助理,上海,大专,无需经验,北京京铭宏硕科技,8000,前程无忧
数据分析师,上海,本科,无需经验,上海狩利信息科技,12500,前程无忧
前端数据分析 (MJ000412),上海,本科,无需经验,松下电器机电（中国）,11000,前程无忧
软件工程师,上海,本科,无需经验,中国科学院上海光学精密机械研究所,11000,前程无忧
机械工程师助理（应届/实习）,上海,大专,无需经验,占朗智能科技（上海）,7000,前程无忧
Robot Engineer,上海,本科,2年及以上,奥乐仓储（上海）,15000,前程无忧
Local IT/驻场工程师/现场工程师,上海,大专,1年及以上,大连隆基信息技术,8000,前程无忧
同济大学智能康复研究院图像处理和类脑计算招聘,上海,博士,无需经验,上海市养志康复医院（上海市阳光康复中心）,25000,前程无忧
生产数据分析师（上海-奉贤区）,上海,本科,无需经验,上海江崎格力高食品,7500,前程无忧
网络维护工程师,上海,大专,1年及以上,上海中思信息系统工程,8000,前程无忧
研发助理,上海,大专,无需经验,上海拓仓科技,7500,前程无忧
视觉算法助理工程师,上海,本科,1年及以上,上海富山精密机械科技,11000,前程无忧
网络系统管理员,上海,本科,无需经验,上海微电机研究所（中国电子科技集团公司第二十一研究所）,6000,前程无忧
测试工程师（Python),上海,本科,无需经验,上海星秒光电科技,9500,前程无忧
数据分析师,上海,本科,无需经验,上海目柏机电,11000,前程无忧
系统集成&测试工程师,,本科,1年及以上,上海杉加数智环境科技,10000,前程无忧
软件研发（应届生）,上海,本科,1年及以上,上海共联通信信息发展,12500,前程无忧
数据分析师,上海,本科,1年及以上,上海精岳铉电子科技,15000,前程无忧
IT,上海,本科,1年及以上,上海民办圣华紫竹双语学校,10000,前程无忧
计算机及网络管理,上海,本科,1年及以上,上海寰球工程,10000,前程无忧
数据支持专员(J25368),上海,本科,1年,上海旺旺食品集团,9500,前程无忧
科研计算机销售员,上海,大专,无需经验,上海赞存信息科技,8000,前程无忧
数据治理岗,上海,本科,无需经验,中征（北京）征信,6500,前程无忧
软件测评工程师,上海,本科,无需经验,上海计算机软件技术开发中心,9500,前程无忧
AI计算机销售员（实习生）,上海,大专,无需经验,上海赞存信息科技,7500,前程无忧
系统运维和客服支持（重庆）,重庆,本科,1年,上海齐獭信息科技,7500,前程无忧
计算机化系统管理员 (MJ009084),上海,本科,2年及以上,上海药明生物技术,12500,前程无忧
保底9000上海无人机厂+社保/坐班,上海,初中及以下,无需经验,顺励通信息科技（山东）,9500,前程无忧
IT,上海,大专,1年及以上,上海天旗物流,10000,前程无忧
初中信息技术教师,上海,本科,无需经验,上海市民办协和双语学校,13000,前程无忧
信息专员（网络工程师）(J10474),上海,本科,无需经验,德力西集团,10000,前程无忧
桌面运维工程师,上海,本科,无需经验,上海埃森氢科流体机械,7000,前程无忧
IT技术支持,上海,本科,2年,深圳市博悦数字科技,13500,前程无忧
数据分析师,上海,本科,1年及以上,上海浓利贸易,11000,前程无忧
运营操作岗（上海派遣）,上海,本科,1年,银联数据服务,12500,前程无忧
it运维助理,上海,大专,1年及以上,协同油脂润滑工程（上海）,8000,前程无忧
银行测试-线上面试,上海,本科,1-2年,深圳市长亮科技,11000,前程无忧
数据分析师,上海,本科,无需经验,江苏恰宜则电气设备,13000,前程无忧
助理机器视觉工程师（应届生招聘）,上海,大专,无需经验,上海贝特威自动化科技,5500,前程无忧
软件测试,上海,大专,无需经验,南京丰航耀机电设备,10000,前程无忧
软件管培生,上海,本科,无需经验,泛微网络科技,15000,前程无忧
测试工程师,上海,大专,1年及以上,上海钧如科技,11500,前程无忧
桌面软件工程师,上海,本科,无需经验,上海辰竹仪表,8500,前程无忧
网络运维,上海,本科,1年及以上,上海慧铂信息技术,8000,前程无忧
软件工程师,上海,本科,无需经验,上海神开石油化工装备,9750,前程无忧
桌面运维工程师助理,上海,本科,无需经验,上海道乎电子商务,7500,前程无忧
上海无人机工厂保底8500+包吃住,上海,,无需经验,顺励通信息科技（山东）,9500,前程无忧
专任教师（计算机应用技术专业）,上海,博士,无需经验,上海电子信息职业技术学院,15000,前程无忧
IT桌面技术支持,上海,本科,1年及以上,上海核子企业管理咨询,9000,前程无忧
管培生（机械、材料等理工科）,上海,本科,无需经验,上海微釜半导体设备,11000,前程无忧
软件技术支持（WMS/WCS）,上海,本科,无需经验,永恒力叉车（上海）,7000,前程无忧
IT专员,上海,本科,1年及以上,上海邑通道具,8000,前程无忧
AI数据分析专员,上海,本科,1-3年,城林科技（上海）,11500,前程无忧
信息专员,上海,本科,2年及以上,上药联纵（上海）医疗器械,9500,前程无忧
测试工程师,上海,大专,1年,上海颐众通信技术,8000,前程无忧
AI 数字化工程师,上海,大专,无需经验,上海瀚银信息技术,9000,前程无忧
数据分析师,上海,本科,1-3年,上海塑盛电子商务,11000,前程无忧
系统运维开发工程师,上海,本科,1年及以上,达丰（上海）电脑,8000,前程无忧
软件测试工程师,上海,本科,1-3年,上海泽信软件,8500,前程无忧
模拟机初级维护工程师,上海,本科,1年及以上,上海吉祥航空,8000,前程无忧
技术支持/维护工程师,上海,本科,无需经验,上海目柏机电,11000,前程无忧
网络工程师,上海,大专,无需经验,屿禾溪（上海）科技,11000,前程无忧
it技术支持,上海,本科,无需经验,上海康而寿医疗服务,6000,前程无忧
产品助理,上海,本科,无需经验,上海光博高智能科技,8500,前程无忧
[工读生]AI 模型运维工程师,上海,本科,无需经验,台积电（中国）,200,前程无忧
AI实习生,上海,本科,无需经验,三生国健药业（上海）,150,前程无忧
信息工程监理师/助理,上海,本科,无需经验,上海计算机软件技术开发中心,10250,前程无忧
it运维工程师,上海,本科,1年及以上,上海汉洁环境工程,11000,前程无忧
桌面运维工程师,上海,本科,1年及以上,上海慧铂信息技术,7500,前程无忧
数据标注,上海,大专,无需经验,上海赛赛汽车技术服务,5500,前程无忧
运维工程师,上海,本科,无需经验,江苏恰宜则电气设备,13000,前程无忧
BI初级工程师,上海,大专,1年,菲斯科（上海）软件,7500,前程无忧
咖啡师-浦东机场店,上海,高中,无需经验,上海中企峰能动力科技,7000,前程无忧
助理运维工程师,上海,大专,1年及以上,上海环盛商业,7250,前程无忧
嵌入式软件开发(Linux/单片机/PLC/DSP等),,大专,2年及以上,上海思慧德安防设备,12500,前程无忧
运维工程师,上海,本科,1-3年,上海学获帮教育科技,10000,前程无忧
医疗软件实施工程师,上海,本科,无需经验,上海泽信软件,6000,前程无忧
数据采集 五险 月薪7000元,上海,大专,无需经验,北京瑞世盛誉科技发展,7050,前程无忧
数据信息管理员,上海,大专,3年及以上,上海华悦包装制品,6250,前程无忧
数据工程师（实习生）,上海,本科,无需经验,上海必盈特软件系统,4750,前程无忧
初级运维（线下面试）,上海,本科,1年及以上,上海速强信息技术,7500,前程无忧
桌面运维岗,上海,本科,3年及以上,华金证券,11500,前程无忧
ai编程,上海,大专,无需经验,上海休元电力设备安装,200,前程无忧
实施工程师,上海,本科,无需经验,上海目柏机电,9000,前程无忧
IT工程师(J10138),上海,大专,1年及以上,上海易行时代新能源科技,8500,前程无忧
软件测试,上海,本科,无需经验,北京深辉机械科技,11000,前程无忧
运维值班员,上海,大专,无需经验,上海勤电信息科技,7000,前程无忧
软件实施工程师,上海,本科,无需经验,上海鸿皑智能科技,9000,前程无忧
技术操作岗 （数据开发方向）,上海,大专,1年及以上,银联数据服务,11500,前程无忧
测试工程师,上海,本科,1-3年,上海学获帮教育科技,10000,前程无忧
项目助理,上海,本科,1-3年,薪得付信息技术（上海）,10000,前程无忧
有机合成研究助理,上海,大专,2年,上海赞南科技,7000,前程无忧
初级测试工程师,上海,本科,1-3年,上海塑盛电子商务,9500,前程无忧
数据开发实习生-用户增长（User Growth）,上海,本科,无需经验,字节跳动,7000,前程无忧
数据专员,上海,本科,无需经验,上海贸远实业,7500,前程无忧
大数据工程师,上海,本科,无需经验,上海胜蓝软件技术服务,9500,前程无忧
智能体搭建助手,上海,本科,无需经验,上海库克打印机,9000,前程无忧
维护工程师,上海,大专,无需经验,上海共志通信信息技术发展,7000,前程无忧
it运维专员7-10k  14薪,上海,本科,1年及以上,上海艾施派尔生物科技,8500,前程无忧
客户专员（数据安全、数据治理）,上海,大专,无需经验,上海计算机软件技术开发中心,9000,前程无忧
产品经理管培生,上海,本科,无需经验,上海博瀛通信科技,7000,前程无忧
系统操作员,上海,本科,1年及以上,上海玖盈信息技术,9500,前程无忧
数据标注,上海,大专,1年及以上,思码睿猎人才咨询（上海）,7500,前程无忧
技术助理,上海,大专,1-2年,上海高博航空制造,6500,前程无忧
信息专员,上海,本科,1-3年,上海闵房（集团）,6500,前程无忧
售后服务工程师（数据机房产品 上海 南京 ）,,大专,1年及以上,上海黎耀科技发展,7000,前程无忧
系统工程师,上海,大专,无需经验,上海真仁堂药业,6500,前程无忧
网管员,上海,大专,无需经验,爱沛精密模塑（上海）,6200,前程无忧
运维人员,上海,本科,2-10年,上海嘉麟杰纺织品,5500,前程无忧
售后网络工程师,上海,大专,1年及以上,上海源派实业,7750,前程无忧
售前技术支持助理,上海,本科,无需经验,上海计算机软件技术开发中心,7000,前程无忧
IT技术支持,上海,本科,1年及以上,天田（中国）,8000,前程无忧
初级桌面运维工程师（上海耀龙路）,上海,本科,1年及以上,广州市宏意星计算机系统服务,5250,前程无忧
办公自动化专员,上海,本科,1年及以上,浙江长江汽车电子,7000,前程无忧
IT桌面运维,上海,大专,1年及以上,上海桢隆智能科技,6000,前程无忧
技术产品实习生（算法协作方向）-中国交易与广告,上海,本科,无需经验,字节跳动,8000,前程无忧
驻场工程师,上海,本科,1年及以上,上海亚济信息科技,8500,前程无忧
科技运维,上海,大专,3-4年,上海浦东恒通村镇银行,12000,前程无忧
IT技术支持(J10078),上海,本科,1年及以上,润通航运服务,12500,前程无忧
测试工程师,上海,大专,无需经验,北京京铭宏硕科技,8500,前程无忧
IT运维,上海,大专,1年及以上,上海咨考科技,9000,前程无忧
数据工程师,上海,本科,无需经验,上海胜蓝软件技术服务,9500,前程无忧
技术支持工程师,上海,大专,无需经验,上海仁廉信息科技,11500,前程无忧
技术工程师,上海,大专,无需经验,北京京铭宏硕科技,8500,前程无忧
技术支持工程师（可转开发）,上海,本科,1-3年,上海塑盛电子商务,9000,前程无忧
产品结构工程师（应届生）,上海,本科,无需经验,上海矽睿科技,6000,前程无忧
实施工程师,上海,本科,无需经验,上海仁廉信息科技,12000,前程无忧
IT运维与智能化应用专员,上海,,1年及以上,上海一行海事服务,15000,前程无忧
测试工程师助理,上海,本科,1年,上海慧铂信息技术,7500,前程无忧
信息化综合岗,上海,本科,3年及以上,上海申迪（集团）,11000,前程无忧
初级实施工程师,上海,本科,无需经验,上海嘉软计算机信息技术,6500,前程无忧
运维售后技术支持,上海,本科,无需经验,上海视丞信息科技,6500,前程无忧
软件测试工程师,上海,本科,无需经验,欧科佳（上海）汽车电子设备,5000,前程无忧
数据分析师,上海,本科,无需经验,湖北省瑞祥佳业电子科技,10000,前程无忧
技术文员/助理,上海,大专,无需经验,上海迈希泽设备检测技术服务,6250,前程无忧
FAB自动化机台操作（12寸/上二休二）,东莞,高中,2年及以上,深圳佳壹信息技术,12000,前程无忧
软件工程师,上海,大专,1年及以上,上海亚源制帽,8000,前程无忧
应用系统运维岗,上海,大专,1年及以上,上海奥特博格汽车工程,10000,前程无忧
运维工程师,上海,大专,1年及以上,上海浓利贸易,11000,前程无忧
软件测试工程师,上海,本科,1年,上海菁淇信息科技,9000,前程无忧
助理开发工程师,上海,大专,1年及以上,屿禾溪（上海）科技,11500,前程无忧
后端开发实习生-中国交易与广告,上海,本科,无需经验,字节跳动,8000,前程无忧
数据处理专员,上海,本科,无需经验,昂宝集成电路,7500,前程无忧
软件实施工程师,上海,本科,无需经验,锋泾（中国）建材集团,11500,前程无忧
加工中心操作工,上海,大专,2年,上海祥年烟草机械,12500,前程无忧
系统管理员,上海,大专,2年及以上,上海洋明塑料科技,8500,前程无忧
研发工程师（开发）,上海,本科,无需经验,上海计算机软件技术开发中心,10500,前程无忧
贴片机操作员,上海,中技/中专,1年及以上,上海文安电脑技术,6750,前程无忧
IT support,上海,本科,3年及以上,择幂（上海）科技,22500,前程无忧
技术支持工程师,上海,大专,1年及以上,上海锐测电子科技,10500,前程无忧
测试工程师（应届生岗位）,上海,本科,1年,安吉租赁,9500,前程无忧
硬件运维工程师,上海,大专,无需经验,北京京铭宏硕科技,8500,前程无忧
上海宝山机房弱电(J11150),上海,,1年及以上,深圳市锐科信息技术,11000,前程无忧
系统运维工程师,上海,本科,无需经验,上海集恒信息科技,8000,前程无忧
助理研发工程师,上海,本科,无需经验,上海天沐自动化仪表,7000,前程无忧
软件实施工程师,上海,本科,无需经验,上海道生智企业管理顾问,17500,前程无忧
AI技术应用工程师（智能相机+自动码垛机方向）,上海,中技/中专,2年,上海三君生活用品,9000,前程无忧
数据分析工程师,上海,本科,无需经验,上海昌润极锐超硬材料,8500,前程无忧
（民机）软件工程师（应届硕士）,上海,硕士,无需经验,上海柏飞电子科技,11000,前程无忧
IT 运维工程师（偏桌面支持 / 脚本开发方向）,上海,大专,2年及以上,上海精恭纺贸易,9000,前程无忧
数据分析师,上海,大专,无需经验,南京丰航耀机电设备,10000,前程无忧
ERP实施助理实习生,上海,大专,无需经验,上海翊码信息科技,120,前程无忧
商业化数据科学实习生-国际化广告数据科学,上海,本科,无需经验,字节跳动,7000,前程无忧
GPU计算机销售员,上海,本科,无需经验,上海赞存信息科技,8000,前程无忧
EAP软件工程师（应届生亦可）,上海,本科,无需经验,上海华岭集成电路技术,12500,前程无忧
数据处理工程师,上海,大专,1-2年,上海琳方会计师事务所,9000,前程无忧
IT软件开发管培生(J10828),上海,本科,1年及以上,迈威（上海）生物科技,9000,前程无忧
数据治理与可信计算研究,上海,博士,无需经验,上海计算机软件技术开发中心,22500,前程无忧
国际高中 计算机科学教师/计算机老师,上海,本科,1年及以上,上海市民办上实剑桥外国语中学,13500,前程无忧
A07.技术运维工程师（应用方向）,上海,本科,无需经验,上证所信息网络,22500,前程无忧
技术支持工程师,上海,本科,无需经验,江苏星方筑缘机电设备,10500,前程无忧
it技术支持,上海,本科,无需经验,贵州遵发科技集团,12000,前程无忧
样机焊接员,上海,大专,2年及以上,上海鸣志电器,8500,前程无忧
做二休二+五险一金+IDC机房运维,上海,,1年及以上,深圳市法本信息技术,5500,前程无忧
计算机电子编辑员,,硕士,无需经验,保定蓝斯文化传播,7500,前程无忧
软件测试工程师,上海,大专,1年,上海恒信电脑软件,6500,前程无忧
运营技术工程师(J11967),上海,本科,1年及以上,中芯国际集成电路制造（上海）,10500,前程无忧
计算机专业教师,上海,硕士,无需经验,上海震旦职业学院,7000,前程无忧
机器狗产品导购,上海,大专,无需经验,薪得付信息技术（上海）,8500,前程无忧
运维工程师,上海,大专,无需经验,上海昭洋远科信息科技,13000,前程无忧
数据科学实习生-国际化广告数据科学,上海,本科,无需经验,字节跳动,5000,前程无忧
运维工程师,,大专,1年及以上,吉林省冠恒科技,9000,前程无忧
数据采集,上海,本科,无需经验,湖北创佑科兴信息科技,10000,前程无忧
打印机维修员OA,上海,高中,无需经验,君长数码科技（上海）,6500,前程无忧
软件实施工程师,上海,本科,无需经验,上海复翼软件开发,7000,前程无忧
it技术支持,上海,本科,1年及以上,上海慧铂信息技术,7500,前程无忧
总公司 信息技术部 前端开发岗,上海,本科,无需经验,陆家嘴国泰人寿保险,8400,前程无忧
机器人工程师 (MJ006922),上海,本科,5年及以上,上海移远通信技术,40000,前程无忧
IT运维工程师(上海),上海,本科,1年及以上,思源电气,6250,前程无忧
运维工程师（偏开发）,上海,本科,1-3年,上海塑盛电子商务,9000,前程无忧
软件实施工程师,上海,本科,1年及以上,上海圆通蛟龙投资发展（集团）,95000,前程无忧
测试运维（阿网）,上海,本科,1年及以上,上海安迪人力资源服务,13000,前程无忧
质量管理测试,上海,大专,1年及以上,上海洄艏电子商务,11350,前程无忧
信息安全工程师 （初级）,上海,大专,1年,上海宇辰科技发展,8000,前程无忧
Ai数据训练专员,上海,本科,无需经验,上海道乎电子商务,8000,前程无忧
应届生（人工智能）,上海,本科,无需经验,上海金珵科技,12500,前程无忧
中级机房运维工程师,上海,大专,6年及以上,广州南天电脑系统,12500,前程无忧
系统管理实习生,上海,本科,无需经验,上海微电机研究所（中国电子科技集团公司第二十一研究所）,3000,前程无忧
软件开发及实施,上海,本科,1年及以上,上海雷瓦信息技术,6500,前程无忧
支持运维工程师,上海,大专,无需经验,上海辰达物联网科技,7500,前程无忧
大数据开发工程师（急招）,上海,本科,1-3年,上海学获帮教育科技,13500,前程无忧
IT运维与技术支持工程师,上海,本科,1年及以上,上海汉司实业,10500,前程无忧
运维工程师,上海,大专,无需经验,上海狩利信息科技,7250,前程无忧
AI数字化应用实习生,上海,本科,无需经验,丹纳赫（上海）企业管理,3000,前程无忧
测试工程师,上海,大专,1年及以上,屿禾溪（上海）科技,12000,前程无忧
软件测试,上海,本科,无需经验,上海科玛拉信息技术,8000,前程无忧
视觉工程师,上海,本科,3年及以上,上海维誉自动化设备,12000,前程无忧
数字化实习生,上海,本科,无需经验,华测检测认证集团,3400,前程无忧
机械工程师助理,上海,本科,1年及以上,北京京铭宏硕科技,8500,前程无忧
兼职机器人结构机械工程师（可异地江浙办公）,,本科,3年及以上,上海哲谦应用科技,500,前程无忧
信息化与运维工程师,上海,本科,1年及以上,四川傲空航天科技,8000,前程无忧
IT工程师,上海,本科,1年及以上,上海倍谙基生物科技,7000,前程无忧
机器人控制工程师,上海,本科,无需经验,卧龙控股集团,15000,前程无忧
运维工程师,上海,本科,无需经验,上海壹杰医疗科技,9000,前程无忧
数据采集工程师,上海,本科,无需经验,上海现代通用识别技术,15000,前程无忧
机器人运维工程师,上海,本科,无需经验,上海哲谦应用科技,10000,前程无忧
网络管理员,上海,大专,3年及以上,上海佳赛德环保科技,9000,前程无忧
初级软件测试工程师,上海,本科,无需经验,石家庄迈众人力资源服务,10000,前程无忧
it运维工程师,上海,,无需经验,郑州市驴充充集中式快速充电站,12500,前程无忧
物联网工程师,上海,大专,无需经验,上海仁廉信息科技,10500,前程无忧
上海浦东机房值班员(J10879),上海,,1年及以上,深圳市锐科信息技术,7500,前程无忧
测试开发实习生-中国交易与广告,上海,本科,无需经验,字节跳动,5500,前程无忧
IT技术支持工程师（招应届生）,上海,大专,无需经验,上海建梯企业咨询服务,7000,前程无忧
初级软件服务工程师,上海,大专,1-2年,百堇信息技术（上海）,7250,前程无忧
数据采集与信息整理工程师,上海,本科,1年及以上,上海黑开唛广告,11000,前程无忧
A05.技术运维工程师（系统方向）,上海,本科,无需经验,上证所信息网络,22500,前程无忧
ai研发工程师,上海,本科,无需经验,上海浦东软件平台,11500,前程无忧
信息化助理,上海,大专,3年及以上,上海百联物业管理,8500,前程无忧
服务器运维-大厂-免费宿舍,上海,大专,1年及以上,北京中科仙络智算科技,7500,前程无忧
大数据分析师,上海,本科,无需经验,湖北创佑科兴信息科技,10000,前程无忧
AI / ML(机器学习) Engineer,上海,本科,4年及以上,伟创力智能设备制造（上海）,32500,前程无忧
生物信息工程师 上海橙康生物科技有限公司,上海,本科,无需经验,上海市宝山区人才工作局,8500,前程无忧
软件测试,上海,本科,无需经验,江苏星方筑缘机电设备,10000,前程无忧
模型训练师（AI设备方向）,上海,本科,1-2年,上海艾豚科技,15000,前程无忧
集群计算HPC行业销售员,上海,本科,无需经验,上海赞存信息科技,11500,前程无忧
软件测试工程师,上海,本科,1年及以上,上海互普网络科技,9000,前程无忧
数据标注/数据采集（远程面试）,上海,本科,2年及以上,上海瑞毅企业管理咨询,7000,前程无忧
视觉调试工程师,上海,大专,无需经验,上海银承科技,8000,前程无忧
it技术支持,上海,大专,无需经验,上海乐晟达供应链,11500,前程无忧
软件实施工程师,上海,本科,1-3年,苏州循理信息科技,7000,前程无忧
实施工程师,上海,本科,1年及以上,上扬软件（上海）,10000,前程无忧
机械设计助理,上海,本科,1年及以上,上海亚劲自动化机械,6500,前程无忧
初级桌面运维工程师（上海龙东大道）,上海,本科,1年及以上,广州市宏意星计算机系统服务,5250,前程无忧
系统管理岗（结算系统）,上海,本科,无需经验,爱建证券,15500,前程无忧
IT兼行政,上海,本科,1年及以上,明园集团,7000,前程无忧
技术支持工程师（LG洗衣机物联网API）,上海,本科,2年及以上,上海色彩得环保科技,13500,前程无忧
网络工程师,上海,大专,无需经验,南京睿灿欣电气设备,10000,前程无忧
数据中心IT服务专员,上海,大专,无需经验,万数（上海）投资,6250,前程无忧
IT运维专员,上海,大专,1年及以上,大佳田（上海）技术,8000,前程无忧
绘图员,上海,大专,1年及以上,上海德霄精密机械,9000,前程无忧
无人机遥感算法工程师,上海,本科,1年,上海恒岳网络科技,23000,前程无忧
影像技术员,上海,大专,无需经验,怡凡得电子包装（上海）,6500,前程无忧
运营工程师,上海,大专,无需经验,上海昭洋远科信息科技,10500,前程无忧
软件测试工程师,上海,本科,无需经验,上海优立检测技术,7500,前程无忧
视觉算法工程师（长期出差）,上海,本科,5年及以上,上海哥瑞利软件,30000,前程无忧
IT,上海,本科,3年及以上,上海心梨信息科技,14500,前程无忧
IT,上海,本科,5年及以上,山西海诺科技,15000,前程无忧
IT技术支持,上海,大专,1年,上海爱扑网络科技,5500,前程无忧
IT工程师（运维/物联网/AI方向）,上海,大专,3年及以上,上海联明投资集团,7500,前程无忧
人形机器人遥操作嵌入式开发工程师,上海,本科,无需经验,原极（上海）科技,30000,前程无忧
初级ETL工程师,上海,大专,1年,菲斯科（上海）软件,9000,前程无忧
数据专员,上海,本科,1年及以上,上海普瑾特信息技术服务,10000,前程无忧
网络工程师,上海,大专,无需经验,南京丰航耀机电设备,10000,前程无忧
供应链系统后台管理/内控审核,上海,本科,1年及以上,人民电器集团,6500,前程无忧
机房运维工程师,上海,大专,1年及以上,上海科择信息科技,6000,前程无忧
图像算法工程师,上海,本科,3年及以上,凯多智能科技（上海）,25000,前程无忧
系统开发和维护,上海,本科,无需经验,天津泰达阿尔卑斯物流有限公司上海,6750,前程无忧
机械工程师（双休五险一金）,上海,本科,1年及以上,无锡普华信息技术,18500,前程无忧
信息技术专员,上海,本科,1年及以上,中泰证券,9000,前程无忧
实验室有机水溶肥技术员,上海,本科,3年及以上,上海鸣桦环境科技,11250,前程无忧
有机合成研究员（多肽方向）,上海,本科,1年及以上,上海美迪西生物医药,10500,前程无忧
急招机器人数据采集,上海,大专,无需经验,天津云百讯智能科技,5500,前程无忧
医学大数据工程师,上海,本科,1年,慧算基因科技（上海）,11500,前程无忧
QC专员- 仪器&计算机化系统,上海,本科,5-10年,上海复宏汉霖生物技术,16500,前程无忧
网络管理员,上海,中技/中专,1年及以上,上海荣庆堂实业发展,5500,前程无忧
WEB前端主管（浦东机场）,上海,本科,5年及以上,唯凯国际物流,18000,前程无忧
工业机器人教师,上海,本科,无需经验,上海博世汽车职业技术培训学校,7500,前程无忧
机器人模拟仿真,上海,大专,1年及以上,昆山宇芳汽车科技,6000,前程无忧
机器人视觉工程师,,硕士,3年及以上,前锦网络信息技术（上海）,40000,前程无忧
打印机/复印机/数码印刷机/标签打印机维修工程师,上海,大专,5年及以上,定泰信息系统（上海）,9000,前程无忧
IT技术支持专员（驻场服务岗）,上海,大专,1年及以上,中以联科电子安装工程（北京）,9000,前程无忧
研发助理,上海,大专,无需经验,上海各茏科技,6000,前程无忧
技术支持/维护工程师,上海,大专,2年,上海嘉慧光电子技术,9500,前程无忧
AI运用工程师,上海,本科,3年及以上,南通大生医药,11000,前程无忧
机械工程师,上海,大专,无需经验,上海目柏机电,9000,前程无忧
机器视觉工程师,上海,本科,2年及以上,上海先惠自动化技术,12000,前程无忧
数据运维专员,上海,本科,1年,上海浦东东方有线网络,7000,前程无忧
ERP运维工程师,上海,本科,无需经验,同华供应链管理集团,5500,前程无忧
IT工程师（AI实施方向）,上海,本科,1-2年,上海邦佳实业,13500,前程无忧
技术支持工程师,上海,大专,无需经验,南京睿灿欣电气设备,10500,前程无忧
技术产品实习生（数据方向）-中国交易与广告,上海,本科,无需经验,字节跳动,8000,前程无忧
人工智能研发工程师,上海,本科,无需经验,上海计算机软件技术开发中心,14000,前程无忧
测试实习生,上海,大专,无需经验,上海森松制药设备工程,3000,前程无忧
助理产品开发工程师,上海,大专,1年及以上,库博标准投资,11000,前程无忧
Python 开发工程师（可应届）,上海,本科,无需经验,沐驰（上海）智能科技,11500,前程无忧
总公司 信息技术部 网络运维岗,上海,本科,无需经验,陆家嘴国泰人寿保险,8750,前程无忧
机器视觉工程师,上海,本科,3年及以上,上海威士机械,13500,前程无忧
计算机硬件销售经理,上海,高中,1年,上海亚业科技,12000,前程无忧
通信助理工程师,上海,本科,无需经验,上海翱莺智能科技,9500,前程无忧
数据分析员,上海,本科,无需经验,上海慧铂信息技术,7500,前程无忧
数据统计员,上海,大专,1年及以上,上海道乎电子商务,6250,前程无忧
研发工程师,上海,本科,无需经验,上海计算机软件技术开发中心,11500,前程无忧
期货系统运维岗,上海,本科,无需经验,中财期货,6000,前程无忧
AI学习产品经理,上海,硕士,无需经验,广发证券,14000,前程无忧
研发助理工程师,上海,本科,无需经验,上海六联智能科技,10000,前程无忧
打印机维修员,上海,高中,5年及以上,君长数码科技（上海）,10000,前程无忧
实施运维工程师,上海,大专,1年,上海万序健康科技,6750,前程无忧
信息系统 信息管理 IT管理,上海,本科,1-8年,上海汇众汽车制造,11000,前程无忧
技术装机人员,上海,大专,1年,上海圣界电子科技,6500,前程无忧
开发工程师（校招-创新产品部）,上海,本科,无需经验,天信达信息技术,10500,前程无忧
嵌入式硬件工程师,上海,本科,无需经验,上海利鉴智能科技,11500,前程无忧
IT实习生,上海,本科,无需经验,EDG电子竞技俱乐部,150,前程无忧
数据专员,上海,大专,1年及以上,上海克而瑞信息技术,7000,前程无忧
上位机工程师（威士）,上海,大专,1年及以上,江苏恒立液压,13500,前程无忧
IT技术支持-上市公司,上海,大专,1年及以上,四川百利天恒药业,8500,前程无忧
有机合成研究员,上海,本科,3年及以上,重庆博腾制药科技,13000,前程无忧
it运维工程师,上海,大专,1-10年,上海睿昇芯创半导体科技,7500,前程无忧
物联网技术支持/维护工程师,上海,本科,1年,上海恒兆节能科技,9000,前程无忧
协作机器人工作站产品经理,上海,本科,5年及以上,上海广为电器工具,20000,前程无忧
运维工程师,上海,大专,无需经验,南京睿灿欣电气设备,11000,前程无忧
硬件工程师,上海,大专,1年,上海艾铭思汽车控制系统,18000,前程无忧
视觉图像处理软件工程师,上海,本科,3年及以上,上海领捷信息技术,12500,前程无忧
机器人与AI工程师,上海,本科,3年及以上,宝利苏迪焊接技术（上海）,22500,前程无忧
应用软件开发工程师,上海,本科,1年及以上,达明机器人（上海）,8000,前程无忧
技术支持工程师,上海,大专,无需经验,南京丰航耀机电设备,10000,前程无忧
软件工程师,上海,本科,无需经验,上海目柏机电,11000,前程无忧
数据安全工程师,上海,本科,无需经验,上海计算机软件技术开发中心,11500,前程无忧
机器视觉工程师,上海,本科,3年及以上,上海誉鸣自动化科技,25000,前程无忧
高级计算机视觉&机器学习工程师,上海,硕士,3年及以上,全讯射频科技（无锡）,37500,前程无忧
研发工程师（上位机方向）,上海,本科,无需经验,上海申传电气,11000,前程无忧
网站运维工程师（驻场）,上海,本科,1-2年,上海东方怡动信息技术,6950,前程无忧
it技术支持,上海,本科,1-2年,上海耀大生物科技,7500,前程无忧
大客户经理（智算/AI/云计算）,上海,本科,3年及以上,临港算力（上海）科技,32500,前程无忧
检验师（风电风机）,,本科,3年及以上,法利投资（上海）,11500,前程无忧
研发部工程师/助理工程师,上海,本科,1年,兆旺科技（上海）,10500,前程无忧
单片机软件工程师,上海,大专,3年及以上,上海甚力电子科技,12500,前程无忧
上位机软件开发工程师,上海,本科,1年,美登思电气（上海）,7500,前程无忧
计算机化系统体系专员,上海,本科,3年及以上,上海通用赛诺药业,16000,前程无忧
网络运维,上海,本科,无需经验,江苏星方筑缘机电设备,10500,前程无忧
技术文档专员,上海,本科,无需经验,播图（上海）电子商务,6000,前程无忧
数据分析,上海,本科,1年及以上,上海珑付云起企业发展,9000,前程无忧
安检信息系统工程师（浦东机场）,上海,大专,3年及以上,中海智（北京）科技,10000,前程无忧
驻场IT Helpdesk（英语良好）,上海,大专,1年,上海万利斯电子技术,6500,前程无忧
软件测试工程师(J11421),上海,本科,1-3年,华硕电脑（上海）有限公司上海,9500,前程无忧
信息系统工程师,上海,大专,1年及以上,上海威灵电子,7000,前程无忧
初级软件测试工程师,上海,大专,1年及以上,上海速强信息技术,7500,前程无忧
技术支持人员（上海）,上海,本科,1年及以上,合翼鑫（重庆）科技,12500,前程无忧
实施工程师,上海,大专,无需经验,南京睿灿欣电气设备,11000,前程无忧
机场驻场资料员,上海,大专,1年及以上,中航机场系统设施建设,5500,前程无忧
实施工程师,上海,本科,1-3年,上海速擎软件,10000,前程无忧
实施顾问（金融保险方向）(J10031),上海,本科,1-3年,普联软件,13000,前程无忧
大数据分析师,上海,本科,无需经验,湖北佳昇机电设备,12500,前程无忧
运维工程师,上海,本科,1年及以上,上海绿易舒科技,6000,前程无忧
技术工程师,上海,中技/中专,无需经验,上海兑申信息技术,8000,前程无忧
电梯土建layout(上海)(J11057),上海,本科,1年及以上,善诚科技发展（上海）,6250,前程无忧
AI 知识库工程师,上海,本科,1-3年,上海虹迪物流科技,14500,前程无忧
AOI工程师,上海,大专,1年及以上,芯发威达电子（上海）,9500,前程无忧
机器视觉工程师（威士）,上海,本科,3年及以上,江苏恒立液压,13500,前程无忧
实验室计算机化系统管理员（LES方向） (MJ008824),上海,本科,2年及以上,上海药明生物技术,15000,前程无忧
数据库运维工程师,上海,本科,1-3年,达丰（上海）电脑,8000,前程无忧
技术支持/维护工程师,上海,本科,3年及以上,上海步立瑞科技,8000,前程无忧
"Software Engineer, PCS",上海,本科,3年及以上,瓦锡兰维修服务（上海）,22500,前程无忧
视觉工程师,上海,本科,3年及以上,上海玖钲机械设备,20000,前程无忧
嵌入式助理硬件工程师,上海,本科,1年,深仪科技（上海）,8500,前程无忧
IT,上海,大专,2年及以上,上海峰密特国际船务代理,9000,前程无忧
通信技术工程师,上海,大专,无需经验,上海狩利信息科技,11000,前程无忧
IT桌面运维工程师(南京西路),上海,大专,1年及以上,上海思栋信息科技,6500,前程无忧
项目经理(军工电子计算机),上海,本科,3年及以上,上海复旦通讯,27500,前程无忧
AI应用工程师,上海,本科,1-2年,乔山健身器材（上海）,10500,前程无忧
IT Helpdesk技术支持工程师（面向企业客户）,上海,大专,1年,上海万利斯电子技术,5500,前程无忧
人工智能,上海,本科,无需经验,南京睿灿欣电气设备,15000,前程无忧
行政专员（数据分析）,上海,本科,1年及以上,上海臻如企业管理咨询,6000,前程无忧
IT,上海,本科,2年及以上,上海佳赛德环保科技,13500,前程无忧
软件测试25,上海,本科,无需经验,前程无忧,11000,前程无忧
混合开发前端工程师（无人机作业方向） 忆伯科技,上海,本科,2年及以上,上海市宝山区人才工作局,13000,前程无忧
Windows Software & Driver Engineer,上海,硕士,3-4年,开利空调冷冻研发管理（上海）,27500,前程无忧
erp管培生实施顾问,上海,本科,1年及以上,上海广奇电气,7000,前程无忧
数字效能助理工程师,上海,本科,无需经验,东方久乐汽车电子（上海）,5500,前程无忧
自动化设备装配调试工程师,上海,大专,无需经验,上海镭天激光设备,9500,前程无忧
AI全栈应用工程师(浦东机场),上海,本科,3-5年,唯凯国际物流,17000,前程无忧
中央计算平台开发工程师,上海,本科,1-3年,泛亚汽车技术中心,22500,前程无忧
内容审核员,上海,大专,无需经验,播图（上海）电子商务,5500,前程无忧
技术支持/维护工程师,上海,本科,2年及以上,上海慧铂信息技术,8000,前程无忧
计算光学系统集成测试工程师,上海,本科,3年及以上,上海乂义实业,16000,前程无忧
计算语言学实习生（日语翻译/同传方向）-Data 语音,上海,本科,无需经验,字节跳动,4500,前程无忧
电机设备维修技师 (MJ012083),上海,,无需经验,特斯拉（上海）,10000,前程无忧
店员（数码机器狗）,上海,本科,2-3年,薪得付信息技术（上海）,10000,前程无忧
商用密码测评师,上海,本科,无需经验,上海计算机软件技术开发中心,10500,前程无忧
ai工程师,上海,本科,3年及以上,上海科洋科技,12500,前程无忧
系统运维工程师,上海,本科,1年及以上,诺德基金管理,14000,前程无忧
数字化 IT 专员,上海,大专,1-3年,上海玖钲机械设备,8000,前程无忧
视频推广专员（机器人方向）,上海,大专,2年及以上,上海申尧信息技术,10000,前程无忧
运维工程师,上海,本科,1年及以上,上海联泉智能科技,6500,前程无忧
运营工程师,上海,本科,无需经验,上海经达信息科技,7500,前程无忧
设备建造（上海电仪）,上海,大专,3年及以上,浙江兴安建设集团有限公司马站,11500,前程无忧
软件测试2019,上海,本科,3-9年,前程品牌,12500,前程无忧
Ai开发实施工程师,上海,本科,1年及以上,菱感电子商务（上海）,17500,前程无忧
机械绘图员,上海,大专,2年,上海达和荣艺包装机械,12500,前程无忧
数据分析师,上海,本科,无需经验,江苏星方筑缘机电设备,10000,前程无忧
机器人算法工程师,上海,本科,1年及以上,上海华太信息技术,22500,前程无忧
junior Windows engineer,上海,本科,1年及以上,派山（上海）网络科技,12500,前程无忧
软件开发助理,上海,本科,1年及以上,上海玄运科技,9000,前程无忧
视觉工程师,上海,本科,1-3年,上海海思图科技,11000,前程无忧
高中计算机老师,上海,本科,1-5年,上海诺美高级中学,12500,前程无忧
信息中心软件/网络安全工程师,上海,硕士,无需经验,上海市养志康复医院（上海市阳光康复中心）,12500,前程无忧
运维工程师（系统/应用运维）,上海,大专,1年及以上,上海华合森信息科技,12500,前程无忧
工业机器人售后服务工程师（应届生）,上海,大专,1年及以上,上海柴孚机器人,5000,前程无忧
数据运维工程师,上海,本科,1年及以上,上海语凯智能科技,17500,前程无忧
运维工程师,上海,本科,1年及以上,上海骐骥极创电子科技,9500,前程无忧
网络工程师,上海,本科,无需经验,上海翱莺智能科技,10000,前程无忧
网页设计师（洗衣机管理平台方向）,上海,本科,1-3年,上海国典科技,4000,前程无忧
数据分析工程师,上海,本科,1年,上海飞羽环保科技,7000,前程无忧
实施工程师,上海,大专,1年,上海乐晟达供应链,11500,前程无忧
软件测试工程师,上海,本科,无需经验,上海电器科学研究所（集团）,9000,前程无忧
AI计算机电话销售,上海,大专,无需经验,上海赞存信息科技,8000,前程无忧
法兰克运用部 机器人调试工程师,上海,大专,2年,嘉意机床（上海）,15000,前程无忧
设备工程师,上海,本科,5年及以上,苏州市汇智星职业咨询,20000,前程无忧
合同执行工程师（应届生）(J10864),上海,本科,无需经验,上海凯士比泵,8000,前程无忧
传动系统售后服务工程师,上海,大专,无需经验,上海凯煦传动科技,7000,前程无忧
机械绘图员,上海,大专,2年及以上,上海永轴智造科技,9500,前程无忧
硬件开发工程师（计算机方向）,上海,本科,1年及以上,上海研强电子科技,11500,前程无忧
软件工程师,上海,大专,无需经验,南京睿灿欣电气设备,11000,前程无忧
软件实施顾问/数据实施,上海,本科,2年及以上,北京三维天地科技股份有限公司济南,9500,前程无忧
IT信息维护专员,上海,本科,1年及以上,上海中医大协爱医疗管理集团,7000,前程无忧
数据分析师,上海,本科,1年及以上,湖北典禾机械科技,10000,前程无忧
信息系统集成工程师,上海,本科,1-2年,上海经意实业,10000,前程无忧
IT,上海,大专,2年及以上,上海五星铜业,7000,前程无忧
物联网工程师,上海,本科,1年及以上,上海精岳铉电子科技,15000,前程无忧
有机合成研究员,上海,本科,1年,上海东岳生物化工,10500,前程无忧
IT技术支持,上海,本科,1年及以上,上海君武贸易,12000,前程无忧
数据分析师,上海,本科,1年及以上,石家庄迈众人力资源服务,13000,前程无忧
视觉工程师（3D视觉/机器人视觉）,上海,硕士,3年及以上,上海维宏电子科技,30000,前程无忧
软件项目经理(J11422),上海,本科,1-3年,华硕电脑（上海）有限公司上海,11500,前程无忧
设备开发工程师（机械方向）(J10629),上海,本科,1-3年,上海柏楚电子科技,10000,前程无忧
IDC机房值班运维,上海,,无需经验,深圳市法本信息技术,5400,前程无忧
机械测试技术员,上海,本科,1年及以上,上海荣灿信息科技,15000,前程无忧
机械设计工程师（J10876）,上海,本科,1年及以上,善诚科技发展（合肥）,11500,前程无忧
机械质检员,上海,大专,1年及以上,上海砚祥科技,7500,前程无忧
技术项目管理,上海,本科,2年及以上,立晟智能科技（成都）,19000,前程无忧
数据分析助理（上海）,上海,大专,1年及以上,上海玄运科技,7000,前程无忧
医疗运维工程师（技术方向）,上海,本科,2年及以上,上海壹杰医疗科技,8000,前程无忧
统计员,上海,大专,1年及以上,上海道乎电子商务,6000,前程无忧
helpdesk IT支持工程师,上海,本科,1-5年,上海济金国际贸易,8500,前程无忧
单片机软件工程师1人,上海,大专,2年及以上,万年青（上海）运动器材,11500,前程无忧
机器人机械工程师,上海,本科,无需经验,上海哲谦应用科技,13500,前程无忧
数据平台研发工程师(A184724),上海,本科,2年及以上,银河德睿资本管理,15000,前程无忧
智能计算研发工程师/专家--集团研发中心,上海,博士,无需经验,上海航天电子,35000,前程无忧
软件测试,上海,本科,1年,湖北典禾机械科技,11000,前程无忧
上位机软件开发工程师(J10092),上海,本科,4年及以上,环旭电子,20000,前程无忧
值机员,上海,中技/中专,3年及以上,上海信安保安服务,5250,前程无忧
系统管理员,上海,大专,1-3年,上海繁易信息科技,9500,前程无忧
新产品导入工程师（医疗器械）,上海,本科,2年及以上,奕瑞电子科技集团,15500,前程无忧
Java开发助理,上海,本科,无需经验,播图（上海）电子商务,7000,前程无忧
行政助理兼司机,上海,本科,3年及以上,四川傲空航天科技,8000,前程无忧
电机驱动/电机控制类软件工程师,上海,本科,1-3年,上海金陵电机,10500,前程无忧
驻场机场-弱电技术员,上海,中技/中专,2年,中航机场系统设施建设,7000,前程无忧
机器人开发工程师,上海,本科,无需经验,上海仁廉信息科技,15000,前程无忧
软件工程师,上海,大专,无需经验,南京丰航耀机电设备,10000,前程无忧
网络审计员,上海,本科,无需经验,电信科学技术第一研究所,10000,前程无忧
IT Support,上海,本科,5年及以上,上海国企商务会展服务,16000,前程无忧
业务数字化工程师,上海,本科,无需经验,上海辰竹仪表,8500,前程无忧
机械工程师/单片机/嵌入式软件开发,上海,本科,4年及以上,上海宸乔生物科技,15000,前程无忧
主机安全工程师,上海,大专,2年,上海鹏越惊虹信息技术发展,7000,前程无忧
大数据运维工程师（ETL方向）,上海,本科,1-3年,上海复旦微电子集团,11000,前程无忧
AI及机器人技术调查（韩语）,上海,本科,无需经验,浦项（中国）投资,16500,前程无忧
测试运维工程师（机器人本体）,上海,本科,1年及以上,上海新因诺维机器人工程技术研究,9000,前程无忧
it运维工程师,上海,本科,1年及以上,上海慕岐科技,10000,前程无忧
数字化IT专员,上海,本科,3年及以上,芯蓥智铖（重庆）科技,10000,前程无忧
计算机视觉工程师 (CV Engineer),上海,硕士,3年及以上,上海霞满云间公益发展中心,32500,前程无忧
桌面运维工程师,上海,大专,1年及以上,上海益海信息技术,6000,前程无忧
运维部-机房工程师,上海,大专,1年及以上,上海凯道电子科技,7000,前程无忧
双语计算机老师,上海,本科,1年及以上,上海宝华曜万教育技术,11500,前程无忧
人工智能图像处理和类脑计算方向科研人员,上海,博士,无需经验,上海市养志康复医院（上海市阳光康复中心）,25000,前程无忧
数据产品专员,上海,本科,1年,上海天臣计算机软件,10000,前程无忧
计算机视觉工程师,上海,硕士,2年及以上,上海沿锋汽车科技,31500,前程无忧
嵌入式软件工程师,上海,本科,无需经验,上海昊量光电设备,12500,前程无忧
机器人现场应用工程师（临港）,上海,本科,2年及以上,上海智能制造功能平台,17500,前程无忧
IT软件实施运维工程师,上海,本科,1年及以上,上海易乓乒智能科技,9000,前程无忧
豆包AI大模型计算语言学专家-Data 语音,上海,本科,3-4年,字节跳动,45000,前程无忧
金融工程组量化研究员(机器学习及NLP方向),上海,硕士,无需经验,中信建投期货,15000,前程无忧
项目经理(机票营销系统),上海,本科,5-7年,上海吉祥航空,20500,前程无忧
单片机开发工程师,上海,本科,无需经验,上海利鉴智能科技,11500,前程无忧
设备售后维保工程师（出差+3C）,上海,大专,5年及以上,云智汇（深圳）高新科技服务,20500,前程无忧
人工智能工程师,上海,本科,无需经验,上海仁廉信息科技,10000,前程无忧
无人机吊运,上海,,无需经验,南通瀚宇低空科技,9500,前程无忧
IT,上海,本科,3年及以上,上海利通普纳国际货运代理,13500,前程无忧
库卡机器人软件编程员,上海,大专,2年及以上,江苏零界科技集团,12500,前程无忧
有机合成研究员(多肽方向),上海,本科,1年及以上,上海德浦生物医药科技,15000,前程无忧
功能测试,上海,本科,1年及以上,上海奥诃信息技术,7750,前程无忧
机器人行业-具身智能算法工程师,上海,本科,3年及以上,宁波星际动力科技,65000,前程无忧
Android BSP开发工程师,上海,本科,3年及以上,芯发威达电子（上海）,12500,前程无忧
运维工程师,上海,大专,无需经验,南京丰航耀机电设备,10000,前程无忧
软件技术支持,上海,大专,1年及以上,上海爱瑞科技发展,6250,前程无忧
羊毛衫电脑横机制版,上海,,5年及以上,上海三国服饰,8500,前程无忧
数据内容专员,上海,本科,1年,又冰信息科技（上海）,13000,前程无忧
机器人灵巧手高级研发工程师,上海,本科,3年及以上,德昌微电机（上海）,32500,前程无忧
Alevel计算机老师-光华剑桥,上海,本科,无需经验,上海日月光华教育投资,15500,前程无忧
上海机械电子,上海,大专,无需经验,上海至信信息科技,9500,前程无忧
机器人测试工程师/软件/硬件/嵌入式测试,上海,本科,2-10年,上海微创软件,12500,前程无忧
项目经理助理,上海,本科,2年及以上,上海杰隆电梯装潢,9000,前程无忧
工控C#上位机软件开发,无锡,本科,3年及以上,无锡先导智能装备,18000,前程无忧
结构设计工程师,上海,本科,无需经验,无锡派克新材料科技,8000,前程无忧
技术支持机械工程师,上海,本科,2年及以上,波龙诺孚特技术（上海）,16000,前程无忧
司机、行政总务,上海,大专,5年及以上,上海统园保健科技,6750,前程无忧
机器视觉算法工程师,上海,硕士,2年及以上,上海术之道医疗器械,32500,前程无忧
计算光学算法工程师,上海,本科,3年及以上,上海乂义实业,20000,前程无忧
资深前端工程师（智慧城市与无人机方向） 忆伯科技,上海,本科,5年及以上,上海市宝山区人才工作局,16500,前程无忧
IT技术支持工程师实习生（可转正）,上海,大专,无需经验,上海建梯企业咨询服务,120,前程无忧
宇瞻计算机硬件销售经理,上海,高中,1年,上海亚业科技,12000,前程无忧
机器人调试,上海,本科,2年及以上,顶柱数字技术（上海）,12500,前程无忧
系统管理员,上海,大专,1年及以上,上海扬盛印务,12500,前程无忧
服务器运维工程师,上海,大专,1-3年,上海捷卓信息科技,9000,前程无忧
IT项目经理助理,上海,本科,1年及以上,沛华运通国际物流（中国）,10500,前程无忧
图形化编程软件开发 / 教育机器人软件开发,上海,本科,无需经验,上海彼林电子科技,15000,前程无忧
系统维护专员,上海,大专,1年及以上,上海希凯国际货运代理,7500,前程无忧
研发助理工程师,上海,本科,1-3年,开勒环境科技（上海）,8500,前程无忧
工业机器人应用技术专任教师,上海,硕士,1年,上海民远职业技术学院,7500,前程无忧
云计算大客户销售,上海,本科,3年及以上,深圳市伊登软件,25000,前程无忧
机器人工程师（上海/武汉）,上海,大专,3年及以上,上海森松制药设备工程,22500,前程无忧
算法工程师（计算化学/AI/有机合成/高分子）,上海,硕士,1年及以上,徐州博康信息化学品上海总部,12500,前程无忧
设备维护工程师,上海,大专,1年及以上,上海仁廉信息科技,10500,前程无忧
机械工程师(上海)(J11252),上海,本科,2年及以上,善诚科技发展（上海）,10500,前程无忧
IT专员,上海,本科,3年及以上,上海恒康保险代理,8500,前程无忧
机器视觉工程师,上海,硕士,2年及以上,晓奥（上海）工程技术,30000,前程无忧
初级软件工程师,上海,本科,无需经验,石家庄迈众人力资源服务,12500,前程无忧
IT软件实施专员,上海,本科,1年及以上,上海道乎电子商务,7000,前程无忧
软件工程师,上海,本科,1-2年,上海东旦软件开发,100000,前程无忧
大厂ai数据标注 双休不加班,上海,本科,1-3年,智同道合（黑龙江）信息技术,9000,前程无忧
量测设备工程师,上海,本科,2年及以上,上海新昇半导体科技,12000,前程无忧
项目实施与运维工程师,上海,本科,1-3年,薪得付信息技术（上海）,8000,前程无忧
视觉算法工程师（经常出差）,上海,本科,3年及以上,上海途深智越科技,17500,前程无忧
振动分析师,上海,本科,2年及以上,上海应谱科技,15000,前程无忧
实施工程师,上海,本科,1年,上海金仕达软件科技,11000,前程无忧
智能制造算法项目助理（需求与数据方向）,上海,本科,1-3年,上海佳依佳信息科技,13000,前程无忧
工业机器人测试工程师,上海,本科,3年及以上,欧立腾（北京）技术咨询有限公司上海,12500,前程无忧
计算语言学实习生（ASR方向）-Data语音,上海,本科,无需经验,字节跳动,6000,前程无忧
视觉方案工程师,上海,本科,3年及以上,上海轩田智能科技,17500,前程无忧
系统维护工程师,上海,大专,1-3年,苏州鸿安机械,8000,前程无忧
中学理科（数学物理化学计算机生物）教师（BC课程）,上海,本科,无需经验,上海闵行区协和双语教科学校,11750,前程无忧
运维人员,上海,中技/中专,1年及以上,湖北泰勒斯电力工程,8000,前程无忧
机器人控制器虚拟化与仿真工程师,上海,本科,3-5年,上海蔚建科技,17500,前程无忧
电气维修工程师,上海,本科,3年及以上,联合利华（中国）,13500,前程无忧
初级IT咨询顾问/IT服务管理,上海,本科,1-3年,上海速擎软件,9500,前程无忧
产品专家（电子机器狗）,上海,大专,2-3年,薪得付信息技术（上海）,8500,前程无忧
机器人导航算法工程师,上海,硕士,2年及以上,上海蔚建科技,40000,前程无忧
机电工程师,上海,大专,无需经验,上海目柏机电,9000,前程无忧
机器人行业-SLAM算法工程师,上海,本科,3年及以上,宁波星际动力科技,40000,前程无忧
人工智能测评工程师,上海,本科,无需经验,上海计算机软件技术开发中心,14000,前程无忧
技术支持工程师,上海,大专,无需经验,上海各茏科技,9000,前程无忧
嵌入式硬件工程师,上海,本科,3年及以上,上海形状记忆合金材料,22500,前程无忧
应用工程师（人形机器人）,上海,硕士,5年及以上,科德宝企业管理（上海）,37500,前程无忧
高级文档工程师,上海,本科,1年及以上,上海艾策通讯科技,13000,前程无忧
QT上位机工程师,上海,本科,1-3年,上海盛耐科技,11000,前程无忧
电教员,上海,大专,无需经验,上海真方物业管理,8000,前程无忧
嵌入式硬件开发,上海,本科,无需经验,上海目柏机电,10000,前程无忧
技术支持工程师,上海,本科,无需经验,上海时空奇点智能技术,11500,前程无忧
销售专员--新疆验布机销售,上海,大专,1年及以上,上海艾豚科技,13000,前程无忧
项目管理工程师,上海,本科,3-5年,眸芯科技（上海）,20000,前程无忧
技术担当,上海,本科,2年及以上,上海谷英人力资源服务,10500,前程无忧
机器人算法工程师(A41784),上海,本科,3年及以上,上海穹彻智能科技,37500,前程无忧
技术支持/维护工程师,上海,大专,1年及以上,上海芯辉电子,7500,前程无忧
半导体设备/光电系统装备工程师,上海,大专,2年及以上,上海芯颐和科技,14500,前程无忧
机器人应用工程师（案例开发与知识管理）,上海,本科,2年及以上,节卡机器人,12500,前程无忧
AI Trainer,上海,本科,3年及以上,上海途程旅游咨询,15000,前程无忧
硬件工程师,上海,本科,1年,上海赋缘汇实业,7750,前程无忧
机电工程师助理,上海,大专,1年及以上,上海玄运科技,9500,前程无忧
Linux资深软件工程师（边缘AI/计算机视觉方向）,上海,本科,8年及以上,上海锐昕普电子科技,40000,前程无忧
新能源电机工程师,上海,大专,无需经验,上海伟豪建设工程,22000,前程无忧
视觉算法工程师,上海,本科,3年及以上,卓郎智能机械,20500,前程无忧
图像算法工程师(J10079),上海,硕士,3-4年,上海精测半导体技术,32500,前程无忧
智能制造/精密机械装配工艺工程师,上海,大专,3年及以上,上海芯颐和科技,17500,前程无忧
物联网工程师,上海,本科,无需经验,江苏恰宜则电气设备,14000,前程无忧
嵌入式单片机软件开发工程师,上海,本科,3-5年,上海松江费加罗电子,15000,前程无忧
销售经理（电池测试机）,,大专,3年及以上,上海沙洲人力资源,17500,前程无忧
视觉应用工程师,上海,本科,3年及以上,上海晓域电子科技,14000,前程无忧
桌面运维工程师,上海,大专,1年及以上,上海桢隆智能科技,6000,前程无忧
机器视觉工程师,上海,本科,3年及以上,上海酷聚科技,18000,前程无忧
技术支持/维护工程师,上海,大专,无需经验,上海玄运科技,13000,前程无忧
等保咨询师/测评师,上海,本科,1年,上海鹏越惊虹信息技术发展,7000,前程无忧
数据分析师,上海,本科,1年及以上,上海恒动泰久机械科技,15000,前程无忧
销售经理（机房、数据中心产品）,上海,大专,2年,上海黎耀科技发展,8000,前程无忧
民机网络安保设计师(J10080),上海,本科,5年及以上,上海民用航空电子系统,25000,前程无忧
视觉工程师,上海,本科,3-10年,邦迪智能科技（上海）,20000,前程无忧
技术支持工程师(TLD04I12),上海,本科,1年及以上,福建顶点软件,13000,前程无忧
大客户业务代表（工控机）(J10923),上海,本科,2年及以上,北京研华兴业电子科技有限公司上海研技电子,20000,前程无忧
机械工程师,上海,大专,无需经验,北京中瓴时代科技,11000,前程无忧
机构业务系统运维岗,上海,本科,2年及以上,太平洋证券,12500,前程无忧
云手机开发（Android）,上海,,3年及以上,上海模安科技,40000,前程无忧
设备售后维修,上海,大专,1年及以上,上海贝林尔智能系统,5500,前程无忧
视觉软件开发工程师,上海,大专,1年及以上,上海银承科技,12000,前程无忧
硬件工程师  （呼吸机）,上海,大专,3-4年,聚华人力资源（江苏）,11000,前程无忧
芯片销售管理-电机,上海,大专,10年及以上,上海芯圣电子,30000,前程无忧
机器人行业-全身运控算法工程师,上海,本科,2年及以上,宁波星际动力科技,55000,前程无忧
it运维工程师,上海,本科,1年及以上,上海维宏电子科技,11500,前程无忧
机器人强化学习算法工程师,上海,本科,无需经验,上海唯析信息科技,16000,前程无忧
机器视觉工程师,上海,本科,3年及以上,讯泉智能科技（上海）,22500,前程无忧
物联网工程师,上海,大专,无需经验,南京丰航耀机电设备,10000,前程无忧
耳机贴标360一天,苏州,,无需经验,山东鹏跃企业管理,9000,前程无忧
维修工程师（半导体设备）,上海,本科,5年及以上,山东昇润能源实业,12000,前程无忧
UG-技术工程师,上海,大专,3年,上海基盈电子科技,10500,前程无忧
总公司 信息技术部 需求分析岗,上海,本科,1-5年,陆家嘴国泰人寿保险,10000,前程无忧
IT运维支持工程师,上海,大专,1年及以上,艾迪系统开发（武汉）,9000,前程无忧
AIDD 计算生物学科学家,上海,博士,5年及以上,上海复宏汉霖生物技术,55000,前程无忧
ROS小车开发 / 教育机器人应用开发,上海,本科,无需经验,上海彼林电子科技,15000,前程无忧
机房运维电气工程师,上海,大专,2年及以上,上海凯道电子科技,10000,前程无忧
智能体开发顾问,上海,本科,1年及以上,上海小加科技,10000,前程无忧
软件工程师,上海,本科,无需经验,北京深辉机械科技,12500,前程无忧
机械工程师(上海)(J10743),上海,本科,3-5年,善诚科技发展（上海）,11000,前程无忧
测试工程师,上海,本科,1-3年,温州联虹智科网络科技,8000,前程无忧
设备工程师助理,上海,大专,1年,上海朗日工程技术,8000,前程无忧
初级机器人工程师,上海,本科,无需经验,济南崆鸿智能科技,10500,前程无忧
青浦小车巡检驾驶员,上海,高中,1年及以上,九安保安服务,4100,前程无忧
视觉应用工程师,上海,本科,3-5年,上海银翼医疗实业,24000,前程无忧
信息系统工程师,上海,本科,1年及以上,上海玻璃钢研究院,12500,前程无忧
嵌入式硬件工程师,上海,本科,2年及以上,上海澳马信息技术服务,15000,前程无忧
软件调试工程师（上位机开发）,上海,大专,1年及以上,上海大界机器人科技,12500,前程无忧
运维工程师,上海,本科,无需经验,石家庄迈众人力资源服务,10500,前程无忧
实施工程师,上海,本科,无需经验,江苏星方筑缘机电设备,10000,前程无忧
电机\电缸产品推荐顾问,上海,本科,5年,衡开工业科技（上海）,22500,前程无忧
初级机械工程师,上海,大专,无需经验,四川智行致远人力资源,12000,前程无忧
单片机开发工程师,上海,大专,2年及以上,猎砷电子科技（上海）,10500,前程无忧
视觉调试工程师,上海,大专,3年及以上,上海黛丝自动化设备,10000,前程无忧
金融系统业务测试/功能测试（金融机构派驻）,上海,本科,1-3年,上海垒裕金融信息服务,12000,前程无忧
ai工程师,上海,本科,5年,上海清拓商务咨询,11000,前程无忧
销售工程师（智能系统/工控机）(J10332),上海,本科,2年及以上,北京研华兴业电子科技有限公司上海研技电子,17500,前程无忧
运维工程师,上海,大专,无需经验,上海各茏科技,8000,前程无忧
运维工程师,上海,大专,1年,上海巨一科技发展,8000,前程无忧
信息安全工程师（应届生）,上海,本科,1年,萃绩科技（上海）,11500,前程无忧
教育机构课程老师,上海,大专,2-3年,上海缪加教育科技,8500,前程无忧
风机ETO工程师(上海)(J11252),上海,本科,2年及以上,善诚科技发展（上海）,10500,前程无忧
计算机兼职老师,上海,硕士,2年及以上,上海新常青藤教育科技集团,500,前程无忧
车机安卓应用开发（java）,上海,本科,1年及以上,上海鹏汇电子科技,11500,前程无忧
地服问询/值机/文员/五险一金,上海,大专,无需经验,上海久盈辉利航空服务,6250,前程无忧
算法工程师（计算机视觉方向）,上海,硕士,5年及以上,上海爱医舟医疗科技,35000,前程无忧
视觉调试工程师,上海,大专,2年及以上,上海熙视光电科技,11500,前程无忧
高性能计算工程师-集群分布式计算,上海,本科,1-3年,进迭时空（杭州）科技,50000,前程无忧
数据分析师（CDP方向）(J25630),上海,本科,1年及以上,上海旺旺食品集团,9000,前程无忧
机器人行业-多模态交互算法工程师,上海,本科,3年及以上,宁波星际动力科技,42500,前程无忧
维修助理工程师（化工行业）,上海,高中,5年及以上,德谦（上海）化学,10000,前程无忧
集成软件测试工程师(J10150),上海,本科,1年及以上,上海精测半导体技术,12000,前程无忧
机器视觉工程师,上海,本科,3年及以上,上海挚达科技发展,20000,前程无忧
CNC/数控操机,上海,,1-2年,上海工工科技,10000,前程无忧
Sr. Sourcing Engineer(Cable/Connector),上海,本科,5年及以上,加弘科技咨询（上海）,20000,前程无忧
运维工程师,上海,大专,无需经验,上海稳珹劳务派遣,7000,前程无忧
AI游戏数据采集专员（国脉）,上海,本科,1年及以上,上海安迪人力资源服务,12500,前程无忧
机器视觉工程师,上海,本科,无需经验,济南崆鸿智能科技,11500,前程无忧
CAD工程师（Catia方向）(J10215),上海,大专,1年,上海恩井汽车科技,15000,前程无忧
项目管理（航空发动机）,上海,本科,3年及以上,上海瀚昕企业管理咨询,20000,前程无忧
机构运营实习生-抖音,上海,本科,无需经验,字节跳动,3000,前程无忧
算法工程师（相机标定/轨迹规划）,上海,本科,2年及以上,上海库灵科技,30000,前程无忧
上海无人机质检月9300+社保,上海,,无需经验,顺励通信息科技（山东）,9500,前程无忧
工程管理,上海,大专,2年,上海伟豪建设工程,22500,前程无忧
单片机软件工程师,上海,本科,3年及以上,上海京野机器人,17500,前程无忧
DIP设备工程师（偏波峰焊与AOI方向）,上海,大专,5年及以上,芯发威达电子（上海）,11500,前程无忧
视觉系统工程师,上海,本科,5年及以上,智昌科技集团,26000,前程无忧
视觉工程师,上海,硕士,2年及以上,中曼石油天然气集团,22500,前程无忧
上位机软件开发工程师,上海,本科,5年及以上,德斯拜思机电控制技术（上海）,30000,前程无忧
机台自动化工程师(J13040),上海,本科,5年及以上,中芯国际集成电路制造（上海）,22000,前程无忧
桌面运维支持助理,上海,大专,无需经验,播图（上海）电子商务,6250,前程无忧
系统运维工程师,上海,本科,1年及以上,上海速强信息技术,6500,前程无忧
等离子工艺工程师,上海,本科,3-5年,上海悦威电子设备,21500,前程无忧
EPS服务器测试工程师,上海,本科,无需经验,恩斯迈电子（深圳）,8000,前程无忧
软件开发工程师(J11419),上海,本科,1年及以上,华硕电脑（上海）有限公司上海,11500,前程无忧
移动系统工程师、物联网与人工智能,上海,本科,1年及以上,上海尚得服装,11500,前程无忧
嵌入式硬件工程师,上海,本科,3-4年,上工申贝（集团）,10500,前程无忧
数据库管理员,上海,大专,无需经验,播图（上海）电子商务,6000,前程无忧
机器人软件工程师 (Robotics Software Engineer),上海,本科,3年及以上,上海霞满云间公益发展中心,30000,前程无忧
Product Engineer （嵌入式软件方向）,上海,本科,5-7年,上海开利运输冷气设备,22500,前程无忧
资深项目管理工程师 Sr. PM Engineer,上海,本科,1年及以上,欧陆检测认证（上海）,12500,前程无忧
视觉应用工程师G00168,上海,本科,3年及以上,奥芯明半导体设备技术（上海）,18500,前程无忧
嵌入式/单片机驱动工程师（通讯行业）,上海,本科,无需经验,上海复旦通讯,22500,前程无忧
研发技术部长,上海,本科,无需经验,上海坤友电气,8500,前程无忧
机械设计,上海,本科,2年,上海通用风机,12000,前程无忧
机房建设解决方案经理,上海,本科,3年及以上,临港算力（上海）科技,32500,前程无忧
机器人行业-学习平台与数据工程师,上海,本科,3年及以上,宁波星际动力科技,35000,前程无忧
包装机械质量工程师,上海,本科,3年及以上,上海寺冈电子,12500,前程无忧
冷链风机销售人员（全国招）,上海,大专,无需经验,澎克机电设备（上海）,12500,前程无忧
高级视觉工程师,上海,本科,3年及以上,上海锴士智能科技,20000,前程无忧
项目经理,上海,大专,3-4年,上海宝业机电科技,12500,前程无忧
初高中计算机教师 Computer Science Teacher,上海,硕士,8年,上海康德双语实验学校,17500,前程无忧
资深机械制图员,上海,大专,8-9年,寰尚空间设计装饰（上海）,14500,前程无忧
机器人软件工程师(上海),上海,本科,3年及以上,常州三泰科技,24000,前程无忧
机器视觉软件工程师,上海,本科,2年及以上,上海库灵科技,23000,前程无忧
CNC/数控操机,上海,大专,1年及以上,上海砚祥科技,12000,前程无忧
设备维修技术员（偏机械）,上海,中技/中专,5年及以上,采埃孚汽车科技（上海）,11500,前程无忧
本地耳机厂360一天,上海,,无需经验,山东鹏跃企业管理,9000,前程无忧
数据库开发工程师,上海,本科,1年及以上,上海嘉扬信息系统,15000,前程无忧
数码印刷机销售工程师,上海,大专,3-4年,定泰信息系统（上海）,10000,前程无忧
嵌入式软件工程师（具身机器人系统）,上海,本科,5年及以上,上海新时达机器人,22500,前程无忧
产品测试工程师,上海,大专,1年,上海果凡科技,6500,前程无忧
机电安装项目经理（全国出差）,上海,大专,4年及以上,上海凯达安全技术工程,15000,前程无忧
软件开发工程师（机电设备智能运维方向）,上海,本科,3年及以上,上海智能制造功能平台,11500,前程无忧
机械工程师,上海,本科,3年及以上,上海渊懋信息科技,11500,前程无忧
系統工程師,上海,本科,1年,敦阳（宁波）科技,8500,前程无忧
应用工程师,上海,大专,3年及以上,渤帆紧固件贸易（上海）,18000,前程无忧
蛋白质结构计算研究员,上海,硕士,无需经验,上海近岸科技,20000,前程无忧
机构业务岗（行政助理）,上海,大专,2年及以上,上海颜惊泓企业管理,13500,前程无忧
工业机器人运维工程师,上海,本科,5年及以上,上海图灵智造机器人,12500,前程无忧
机器视觉工程师,上海,硕士,1年及以上,上海拜泰能源科技,40000,前程无忧
车间技术员,上海,大专,1年及以上,东方中安信息技术,7000,前程无忧
机器人行业- 强化学习算法工程师,上海,本科,2年及以上,宁波星际动力科技,57500,前程无忧
信息软件工程师（自动化设备）,上海,本科,1年及以上,上海圆通蛟龙投资发展（集团）,90000,前程无忧
嵌入式硬件工程师,上海,本科,5年及以上,上海潓美医疗科技,20000,前程无忧
cnc操机,上海,初中及以下,1年及以上,上海永轴智造科技,8000,前程无忧
视觉工程师,上海,本科,5年及以上,泰尔重工,23000,前程无忧
机械销售员,上海,高中,1年及以上,沪齿（上海）传动科技,15000,前程无忧
机器视觉工程师(A03692),上海,本科,3年及以上,上海非夕机器人科技,27500,前程无忧
行政运维专员,上海,本科,无需经验,众诚汽车保险,9000,前程无忧
机器视觉软件工程师,上海,大专,3年及以上,TSP,18500,前程无忧
机器人软件工程师（具身方向）,上海,本科,3年及以上,上海新时达机器人,22500,前程无忧
AI计算机销售经理,上海,大专,1年及以上,上海赞存信息科技,11500,前程无忧
机器人研发测试主管,上海,本科,3-5年,上海挚达科技发展,15000,前程无忧
非标自动化机械工程师,上海,大专,5年及以上,上海图灵智造机器人,17500,前程无忧
调试工程师,上海,大专,1-3年,芜湖金佰世测控技术,6500,前程无忧
单片机开发工程师,上海,本科,3年及以上,上海奥途智能科技,12500,前程无忧
自动化设计,上海,大专,3-4年,上海雯袖工业设计,15000,前程无忧
IT服务工程师,上海,大专,无需经验,深圳广电银通金融电子科技有限公司-华东,5000,前程无忧
Linux系统开发工程师(计算机）,上海,本科,1-3年,上海柏飞电子科技,11500,前程无忧
方案工程师,上海,本科,3-4年,工博士机器人技术,20000,前程无忧
研发工程师,上海,本科,3-4年,奥影检测科技（上海）,10500,前程无忧
视觉算法工程师-机器人,上海,硕士,3年及以上,上海清宝引擎机器人,32500,前程无忧
机器人/具身智能开发工程师,上海,本科,1年及以上,上海威蓝智能科技,11000,前程无忧
双语计算机老师,上海,本科,5年及以上,上海领科专修学院,17500,前程无忧
机器人算法工程师（上海）,上海,硕士,3年及以上,常州三泰科技,30000,前程无忧
扶梯机械设计前滩OTIS(J11074),上海,本科,5年及以上,善诚科技发展（上海）,11000,前程无忧
视觉检测设备工程师（汽车零部件方向）,上海,本科,5年及以上,萨玛赛亚森汽车系统（上海）,18500,前程无忧
数据采集,上海,大专,无需经验,天津云百讯智能科技,5500,前程无忧
cnc/数控操机,上海,初中及以下,无需经验,上海凯工阀门,7500,前程无忧
维修技术员,上海,大专,5年及以上,采埃孚汽车科技（上海）,13000,前程无忧
复印机维修工程师,上海,大专,2年及以上,上海库克打印机,9500,前程无忧
外贸业务员（边缘计算/工控硬件方向）,上海,本科,3年及以上,中科巨浪计算机技术（上海）,17500,前程无忧
初级机器人工程师,上海,本科,无需经验,湖北省瑞祥佳业电子科技,12500,前程无忧
嵌入式开发工程师(光伏新能源),上海,本科,1-5年,丰郅（上海）新能源科技,15500,前程无忧
机器人调试工程师(J10042),上海,大专,3年及以上,伟本智能机电（上海）,12500,前程无忧
机器人行业-规控算法工程师,上海,本科,3年及以上,宁波星际动力科技,40000,前程无忧
司机（上海陆家嘴）,上海,大专,5年及以上,昆山鑫宸湾科技实业,10000,前程无忧
航电系统工程师(J10670),上海,本科,5年及以上,中航民机机载系统工程中心,30000,前程无忧
上位机软件工程师,上海,本科,1年及以上,上海普锐马电子,10000,前程无忧
管理培训生,上海,硕士,无需经验,上海轩田智能科技,18000,前程无忧
高性能计算工程师-算子优化,上海,本科,1-3年,进迭时空（杭州）科技,50000,前程无忧
叉车工（金山）,上海,初中及以下,1年及以上,上海优通物流科技,8250,前程无忧
嵌入式软硬件工程师,上海,本科,3年及以上,上海思瑞在线监测技术,15000,前程无忧
视觉算法工程师,上海,硕士,2年及以上,晓奥（上海）工程技术,30000,前程无忧
设备维修工,上海,大专,5年及以上,上海信谊天平药业,8000,前程无忧
维修技术员（机加工/加工中心）,上海,大专,5年及以上,采埃孚汽车科技（上海）,13000,前程无忧
linux运维工程师,上海,本科,1年及以上,上海大汉三通通信,12000,前程无忧
机器人工程师,上海,本科,2年及以上,奥乐仓储（上海）,15000,前程无忧
机电工程师(上海)(J10793),上海,本科,1年,善诚科技发展（上海）,8500,前程无忧
机器视觉算法工程师,上海,本科,3年及以上,凯多智能科技（上海）,25000,前程无忧
客户经理（3D打印机行业）,上海,本科,3年及以上,上海伟答商务咨询,20000,前程无忧
国际高中A-Level计算机教师,上海,本科,2年,上海市民办上实剑桥外国语中学,15500,前程无忧
实验室技术人员——脑机接口与医疗机器人,上海,硕士,1年及以上,上海百翱杰生物科技,10000,前程无忧
结构工程师,上海,大专,3年及以上,华传智感（上海）技术,15000,前程无忧
PLC软件工程师（注塑机相关 Codesys）,上海,本科,3年及以上,上海锦珂塑胶科技,18000,前程无忧
高级机械工程师（纺织行业）,上海,本科,5年及以上,上海艾豚科技,25000,前程无忧
软件系统工程师（工业上位机方向）,上海,本科,3年及以上,上海博德尔环境科技集团,25000,前程无忧
小车巡检驾驶员（宝山）,上海,高中,1年及以上,九安保安服务,4100,前程无忧
过程控制上位机开发工程师,上海,本科,3年及以上,上海国钥匠造科技,20000,前程无忧
上位机软件开发（汽车行业）,上海,本科,3年及以上,巴施帝信息科技（上海）,22500,前程无忧
结构工程师,上海,本科,4年及以上,上海六联智能科技,20000,前程无忧
信息系统运维工程师,上海,硕士,无需经验,中国航空无线电电子研究所,15000,前程无忧
自动化机械设计工程师,上海,大专,3年及以上,兆旺科技（上海）,10000,前程无忧
C#上位机开发工程师,上海,本科,3年及以上,上海递缇智能系统,14000,前程无忧
网络通信诊断,上海,本科,2年及以上,慧勒科技（上海）股份有限公司武汉,11000,前程无忧
测试工程师,上海,本科,1-3年,前程品牌,10000,前程无忧
通信传输网络建维,上海,本科,3年及以上,国动网络技术,18000,前程无忧
业务流程开发测试工程师（阿网）,上海,大专,1-3年,上海安迪人力资源服务,12500,前程无忧
机械制图工程师,上海,本科,3年及以上,碧易机械（上海）,11500,前程无忧
工业机器人研发工程师,上海,硕士,3年及以上,上海维宏电子科技,32500,前程无忧
机器人研发工程师（偏嵌入式软件开发）(J10395),上海,本科,3年及以上,浙江凯乐士科技集团,22500,前程无忧
嵌入式工程师,上海,本科,2年及以上,上海华太信息技术,20000,前程无忧
服务中心维修工程师(J11487),上海,大专,1-3年,华硕电脑（上海）有限公司上海,6500,前程无忧
质量工程师-机加工,上海,大专,3-5年,罗信精密零件（上海）,12500,前程无忧
机械工程师,上海,本科,3年及以上,上海朗森热工设备,14000,前程无忧
产品设计工程师-密封件,上海,本科,1年及以上,上海勤源液压技术,7000,前程无忧
研发结构工程师,上海,本科,3年及以上,苏州柯尔特测控技术,8000,前程无忧
助理工程师（上海）,上海,中技/中专,无需经验,上海灶鼎环保科技,7500,前程无忧
机械仿真工程师,上海,本科,无需经验,光驰科技（上海）,9000,前程无忧
嵌入式软件工程师  （呼吸机）,上海,大专,3年及以上,聚华人力资源（江苏）,23000,前程无忧
数字化开发岗,上海,本科,无需经验,上海国核科技发展,12000,前程无忧
视觉开发工程师,上海,本科,3年及以上,上海维宏电子科技,37500,前程无忧
嵌入式硬件工程师,上海,本科,2年及以上,上海集迦电子科技,32500,前程无忧
信息安全工程师,上海,本科,无需经验,上海驭胜信息技术,4250,前程无忧
软件设备岗（视觉AI),上海,本科,5年及以上,上海继峰座椅,30000,前程无忧
结构工程师,上海,本科,3年及以上,罗格朗智能电气（惠州）,14500,前程无忧
机电运维工程师,上海,大专,1年及以上,上海巨一科技发展,7500,前程无忧
FAE,上海,本科,3年及以上,浙江芯力微电子,17000,前程无忧
项目执行-店铺装修,上海,大专,3-4年,上海弗兰文化传播,7500,前程无忧
嵌入式开发工程师,上海,本科,3年及以上,菱感空调（上海）,16500,前程无忧
设备工程师,上海,大专,5年及以上,上海谷英人力资源服务,14000,前程无忧
机械工程师,上海,本科,3-5年,上海永轴智造科技,12500,前程无忧
数字化运营专员(HRIS),上海,本科,1年及以上,上海泓明供应链,7500,前程无忧
装配工程师（运动台、机器人、传输系统装配）,上海,大专,3-10年,上海芯颐和科技,13500,前程无忧
越南联盟机构策略-TikTok Shop,上海,本科,3-4年,字节跳动,20000,前程无忧
工业机器人算法工程师,上海,硕士,3年及以上,爱仕达,27500,前程无忧
机器人/自动化工程师（初级/中级）,上海,本科,1年及以上,北京骐骥优才科技,10000,前程无忧
质量管理部经理（军工电子计算机）,上海,本科,5年及以上,上海复旦通讯,20000,前程无忧
机械设计工程师,上海,本科,3年及以上,碧易机械（上海）,11500,前程无忧
上位机软件工程师,上海,本科,3年及以上,上海嘉慧光电子技术,11500,前程无忧
技术支持/维护工程师,上海,大专,5年及以上,上海佰斯特电子工程,8500,前程无忧
技术支持工程师,上海,本科,1年及以上,湖北创佑科兴信息科技,10000,前程无忧
AI赋能工程师,上海,本科,3年及以上,上海泓燊汽车科技,14500,前程无忧
机器人底层控制师,上海,本科,5年及以上,上海智世机器人,26500,前程无忧
农业机械工,上海,中技/中专,1年及以上,上海曹野农业发展,5250,前程无忧
机器人测试工程师,上海,硕士,2年及以上,上海机器人产业技术研究院,11000,前程无忧
机器人仿真工程师,上海,大专,2年及以上,上海璟念信息技术,15000,前程无忧
现场工程师-青浦,上海,本科,5年及以上,上海旗霄水务服务,15000,前程无忧
机器人项目工程师（偏软件）,上海,本科,5年及以上,上海双申医疗器械,25000,前程无忧
数据工程师,上海,本科,1年及以上,上海虹迪物流科技,14500,前程无忧
智能研发工程师,上海,本科,5年及以上,飞雕电器集团,25000,前程无忧
项目现场工作负责人,上海,大专,1年及以上,上海泰锌智能科技,7000,前程无忧
资深软件架构师（手机/穿戴/IoT/嵌入式),上海,本科,10年及以上,合肥正和心人力资源管理,37500,前程无忧
机械工程师,上海,本科,2-5年,胜模智能系统（上海）,12500,前程无忧
设备售后服务工程师,上海,本科,3年及以上,上海谷英人力资源服务,16000,前程无忧
机器人前端软件工程师(A194398),上海,本科,3年及以上,上海大界机器人科技,13500,前程无忧
机电经理（上海）,上海,本科,3-4年,字节跳动,30000,前程无忧
电气装配工程师,上海,大专,2年及以上,苏州隐冠半导体技术,10000,前程无忧
区域销售经理（有油田修井机销售经验）,上海,大专,5年及以上,上海柴孚机器人,12500,前程无忧
CNC加工中心技术员,上海,大专,3年及以上,芯发威达电子（上海）,7750,前程无忧
