数据来源,关键词,岗位名称,薪资,城市,经验要求,学历要求,公司名称
智联,计算机,计算机硬件维护工程师-五险一金,8000-12000元,武汉·江汉·经开区,经验不限,大专,立即投递收藏
智联,计算机,计算机硬件维护工程师,8000-13000元,深圳·龙岗·莲花,经验不限,学历不限,立即投递收藏
智联,计算机,计算机技术员,7000-12000元,深圳·龙岗·坂田,经验不限,大专,立即投递收藏
智联,计算机,服务器计算机硬件维护经理（五休2）,8000-11000元·13薪,长沙·开福·马坡岭,经验不限,中专/中技,立即投递收藏
智联,计算机,计算机维修,3000-5000元,贵阳·黄河路,1-3年,学历不限,立即投递收藏
智联,计算机,计算机硬件维护工程师,8000-13000元,来宾·兴宾区·城北街道,经验不限,学历不限,立即投递收藏
智联,计算机,计算机编程老师,5000-10000元,泸州·江阳区·况场街道,经验不限,本科,立即投递收藏
智联,计算机,计算机应用教师,6000-9000元,宿州·砀山县·砀城镇,经验不限,本科,立即投递收藏
智联,计算机,计算机技术客服【7000+ 提供住宿】,4000-8000元,潍坊·奎文·清池,经验不限,大专,立即投递收藏
智联,计算机,计算机硬件维护工程师,8000-13000元,成都·高新区·石羊,经验不限,学历不限,立即投递收藏
智联,计算机,计算机实习生(纯盖章),150-200元/天,厦门·集美·杏林,经验不限,中专/中技,立即投递收藏
智联,计算机,计算机硬件工程师,6000-8000元·13薪,合肥·蜀山·井岗,经验不限,学历不限,立即投递收藏
智联,计算机,计算机实习生2027届（可签三方实习协议）,80-160元/天,广州·海珠·沙面,经验不限,大专,立即投递收藏
智联,计算机,计算机专业课老师,5000-8000元,安阳·林州市·龙山街道,1-3年,本科,立即投递收藏
智联,计算机,AI计算机专员（兼职）,2001-3000元,郑州·金水·祭城路,经验不限,本科,立即投递收藏
智联,计算机,计算机老师,5000-7000元,杭州·钱塘·下沙,经验不限,本科,立即投递收藏
智联,计算机,专升本计算机老师,9000-12000元,成都·金牛·营门口,经验不限,本科,立即投递收藏
智联,计算机,计算机网络工程师 双休,5000-7000元·13薪,重庆·渝北·大竹林,经验不限,大专,立即投递收藏
智联,计算机,计算机教师,6000-8000元,济宁·任城区·金城街道,经验不限,本科,立即投递收藏
智联,计算机,专升本计算机老师,100-150元/时,济南·天桥·北园,5-10年,学历不限,立即投递收藏
智联,计算机,计算机系统设计与实现,5000-8000元,秦皇岛·海港区·珠江道街道,经验不限,本科,立即投递收藏
智联,计算机,计算机硬件维护工程师,1-1.3万,上海·宝山·庙行,1-3年,大专,立即投递收藏
智联,计算机,计算机硬件维护工程师,8000-13000元,广州·黄埔·北京街道,经验不限,学历不限,立即投递收藏
智联,计算机,计算机技术员,8000-16000元,杭州·滨江·西兴,经验不限,大专,立即投递收藏
智联,计算机,服务器计算机硬件维护经理（五休2）,8000-10000元·13薪,长沙·开福·马坡岭,经验不限,学历不限,立即投递收藏
智联,计算机,计算机硬件维护专员+周末双休+五险一金,8000-13000元,北京·海淀·甘家口,经验不限,大专,立即投递收藏
智联,计算机,计算机维修,8000-11000元,苏州·吴中·长桥,1年以下,大专,立即投递收藏
智联,计算机,计算机维修,8000元,上海·闵行·梅陇,经验不限,学历不限,立即投递收藏
智联,计算机,双休+计算机助理（测试方向）,5000-8000元,郑州·二七区·解放路,经验不限,大专,立即投递收藏
智联,计算机,计算机实习生,4000-8000元,泉州·晋江市·罗山街道,经验不限,学历不限,立即投递收藏
智联,计算机,计算机硬件工程师,4000-6000元,济南·历城·港沟,经验不限,学历不限,立即投递收藏
智联,计算机,计算机软件程序老师,3000-5000元,邯郸·邯山区·罗城头街道,1-3年,大专,立即投递收藏
智联,计算机,中职计算机教师,5000-8000元,福州·福清·石竹,经验不限,本科,立即投递收藏
智联,计算机,沿海计算机老师,5000-8000元,南通·通州·三余,经验不限,本科,立即投递收藏
智联,计算机,计算机基础老师,1-2万·14薪,沈阳·沈北·正良,3-5年,本科,立即投递收藏
智联,计算机,中职计算机教师,4000-6000元,连云港·连云区·宿城街道,经验不限,本科,立即投递收藏
智联,计算机,专升本数学/计算机老师,4000-6000元,晋中·榆次区·晋中经济开发区,3-5年,本科,立即投递收藏
智联,计算机,计算机实习生,100-120元/天,眉山·仁寿县·视高街道,经验不限,本科,立即投递收藏
智联,计算机,计算机硬件维护工程师,8000-13000元,广州·荔湾·六榕,经验不限,学历不限,立即投递收藏
智联,计算机,计算机老师,4000-8000元,洛阳·洛龙,1-3年,本科,立即投递收藏
智联,计算机,计算机硬件维护专员,7000-10000元,济南·市中·港沟,经验不限,高中,立即投递收藏
智联,计算机,计算机实习生2027届（可签三方实习协议）,80-160元/天,杭州·萧山·盈丰,经验不限,大专,立即投递收藏
智联,计算机,计算机硬件技术员,7000-8000元,上海·静安·静安寺,经验不限,大专,立即投递收藏
智联,计算机,计算机硬件维护工程师,8000-13000元,重庆·潼南·大溪沟,经验不限,学历不限,立即投递收藏
智联,计算机,计算机文员,4000-5000元,重庆·两江新区,经验不限,大专,立即投递收藏
智联,计算机,专升本计算机老师,6000-12000元,济南·市中·舜耕,经验不限,本科,立即投递收藏
智联,计算机,计算机网络硬件维护与维修工,5000-7000元,哈尔滨·香坊·健康路,10年以上,大专,立即投递收藏
智联,计算机,计算机售后线上技术支持,4000-7000元,泰安·岱岳区·北集坡街道,经验不限,学历不限,立即投递收藏
智联,计算机,计算机老师,4000-6000元,邢台·襄都区·晏家屯镇,经验不限,大专,立即投递收藏
智联,计算机,大学计算机教师,4000-8000元,兰州·安宁区·孔家崖街道,1-3年,本科,立即投递收藏
智联,计算机,计算机教师,4000-7000元,石家庄·鹿泉·上庄,3-5年,本科,立即投递收藏
智联,计算机,高薪计算机助理/五险一金,6000-8000元,武汉·洪山·关山,经验不限,大专,立即投递收藏
智联,计算机,计算机老师,4000-8000元,佛山·南海·狮山,经验不限,大专,立即投递收藏
智联,计算机,售后运维计算机硬件维护工程师负责人,9000-10000元,惠州·仲恺区·江北街道,经验不限,中专/中技,立即投递收藏
智联,计算机,计算机文员,350元/天,南京·秦淮·五老村,经验不限,大专,立即投递收藏
智联,计算机,计算机硬件维护工程师,7000-10000元·13薪,武汉·洪山·九峰,经验不限,大专,立即投递收藏
智联,计算机,计算机教师,5000-8000元,天津·津南·北闸口,经验不限,大专,立即投递收藏
智联,计算机,招两个计算机专业的,4000-8000元,泰安·岱岳区·粥店街道,经验不限,大专,立即投递收藏
智联,计算机,高级技工学校计算机教师,3000-4000元,保定·莲池·百楼,1-3年,本科,立即投递收藏
智联,计算机,计算机文员,6000-8000元,惠州·惠城区·河南岸街道,1-3年,大专,立即投递收藏
智联,计算机,计算机教师,4000-6000元,长春·宽城·欣园,1-3年,本科,立即投递收藏
智联,计算机,计算机编程实习生,100-150元/天,杭州·滨江·西兴,经验不限,本科,立即投递收藏
智联,计算机,中专计算机平面设计老师,3000-4000元,保定·莲池,经验不限,本科,立即投递收藏
智联,计算机,计算机维修,8000-11000元,无锡·梁溪·北大街,1年以下,大专,立即投递收藏
智联,计算机,计算机硬件维护工程师,8000-13000元,重庆·梁平·大溪沟,经验不限,学历不限,立即投递收藏
智联,计算机,计算机实习生2027届（可签三方协议）,80-160元/天,贵阳·观山湖·金阳,经验不限,大专,立即投递收藏
智联,计算机,计算机技术员,5000-9000元,武汉·江夏,经验不限,大专,立即投递收藏
智联,计算机,计算机应用,7000-12000元,南京·建邺·沙洲,经验不限,大专,立即投递收藏
智联,计算机,计算机硬件技术员,7000-8000元,深圳·福田·福田街道,1-3年,大专,立即投递收藏
智联,计算机,计算机应用专业教师,4000-6000元·13薪,无锡·滨湖·雪浪,3-5年,本科,立即投递收藏
智联,计算机,计算机老师,5000-7000元,宜宾·翠屏区·沙坪街道,经验不限,硕士,立即投递收藏
智联,计算机,计算机技术员,300-600元/时,深圳·龙岗·龙城,经验不限,学历不限,立即投递收藏
智联,计算机,计算机老师,5000-8000元,武汉·江夏,1-3年,本科,立即投递收藏
智联,计算机,计算机科学与技术（大学老师）,6000-10000元,抚州·临川区·七里岗乡,经验不限,硕士,立即投递收藏
智联,计算机,大学物联网应用技术教师/大学计算机老师（带薪寒暑假）,5000-9000元,福州·闽侯·荆溪,3-5年,本科,立即投递收藏
智联,计算机,计算机硬件技术员,1-1.2万,合肥·肥西·紫蓬,1-3年,大专,立即投递收藏
智联,计算机,4K计算机硬件维护工程师助理,4000-8000元,武汉·洪山·关山,经验不限,学历不限,立即投递收藏
智联,计算机,计算机硬件技术员,5000-7000元,成都·青羊·草市街,1年以下,大专,立即投递收藏
智联,计算机,计算机辅助设备管理员,4000-6000元,天津·南开·万兴,1年以下,学历不限,立即投递收藏
智联,计算机,计算机网络技术教师,6000-9000元,宿州·砀山县·砀城镇,经验不限,本科,立即投递收藏
智联,计算机,大学计算机教师,5000-7000元,唐山·曹妃甸区·八里滩养殖场,经验不限,硕士,立即投递收藏
智联,计算机,计算机老师,5000-10000元,石家庄·藁城·岗上,1-3年,本科,立即投递收藏
智联,计算机,计算机硬件技术员,7000-8000元,佛山·顺德·北滘,经验不限,大专,立即投递收藏
智联,计算机,计算机类（2026届校招）,8000-15000元,无锡·江阴·新桥,经验不限,本科,立即投递收藏
智联,计算机,计算机维修,8000-11000元,南京·鼓楼·中央门,1年以下,大专,立即投递收藏
智联,计算机,计算机文员,3000-4000元,太原·小店·西温庄,经验不限,大专,立即投递收藏
智联,计算机,计算机网络技术,6000-8000元·13薪,贵阳·云岩,1-3年,大专,立即投递收藏
智联,计算机,计算机技术员,8000-16000元,深圳·龙华·龙华,经验不限,大专,立即投递收藏
智联,计算机,计算机硬件维护工程师,8000-13000元,成都·青白江·桂溪,经验不限,学历不限,立即投递收藏
智联,计算机,计算机实习生2027届，可签三方,80-160元/天,福州·仓山·螺洲,经验不限,大专,立即投递收藏
智联,计算机,计算机文员,2000-4000元,沧州·运河区·南环中路街道,1-3年,学历不限,立即投递收藏
智联,计算机,计算机老师,3000-5000元,鹤壁·山城区·鹿楼街道,1-3年,本科,立即投递收藏
智联,计算机,it计算机硬件技术员,8000-9000元,广州·白云·鹤龙,经验不限,中专/中技,立即投递收藏
智联,计算机,计算机专员,4000-6000元,重庆·渝中·两路口,经验不限,大专,立即投递收藏
智联,计算机,国际教育计算机老师,1.5-2万,重庆·渝北,经验不限,本科,立即投递收藏
智联,计算机,计算机任课教师,4000-8000元,徐州·泉山区·庞庄街道,1-3年,本科,立即投递收藏
智联,计算机,计算机专业教师,4000-5000元,信阳·平桥区·震雷山街道,经验不限,本科,立即投递收藏
智联,计算机,计算机老师(J10518),4000-6000元,洛阳·洛龙,经验不限,本科,立即投递收藏
智联,计算机,计算机办公、设计软件老师,3000-6000元,邯郸·邯山区·罗城头街道,1-3年,大专,立即投递收藏
智联,计算机,计算机老师,4000-7000元,成都·郫都·合作街道,经验不限,本科,立即投递收藏
智联,计算机,计算机教师,8000-13000元,大连·甘井子·大连湾,1-3年,本科,立即投递收藏
智联,计算机,计算机教师,3000-4000元,保定·高碑店·方官,1-3年,大专,立即投递收藏
智联,计算机,计算机老师（专升本）,100-120元/时,聊城·东昌府区·新区街道,经验不限,本科,立即投递收藏
智联,计算机,计算机兼电子专业教师,5000-8000元,长沙·开福·青竹湖,1-3年,本科,立即投递收藏
智联,计算机,计算机网络工程师,5000-7000元·13薪,重庆·渝北,经验不限,大专,立即投递收藏
智联,计算机,大专计算机教师,5000-7000元,荆州·荆州区·纪南镇,经验不限,硕士,立即投递收藏
智联,计算机,计算机教师,4000-6000元,重庆·南岸·长生桥,1-3年,本科,立即投递收藏
智联,计算机,计算机应用,7000-12000元,南京·秦淮·朝天宫,经验不限,大专,立即投递收藏
智联,计算机,专业科教师（电子技术/计算机/旅游/护理/美术/船舶）,6000-8000元,武汉·江夏,1-3年,本科,立即投递收藏
智联,计算机,计算机硬件维护工程师,8000-13000元,广州·从化·北京街道,经验不限,学历不限,立即投递收藏
智联,计算机,计算机实习生（可签实习三方协议）,80-160元/天,南昌·南昌县·莲塘,经验不限,大专,立即投递收藏
智联,计算机,计算机硬件维护工程师,8000-11000元,无锡·梁溪·北大街,1年以下,大专,立即投递收藏
智联,计算机,计算机硬件维护,6000-8000元·13薪,贵阳·云岩,1-3年,大专,立即投递收藏
智联,计算机,计算机硬件维护工程师,6000-10000元,长沙·岳麓·咸嘉湖,经验不限,学历不限,立即投递收藏
智联,计算机,5K起计算机助理/双休,6000-8000元,武汉·洪山·关山,经验不限,高中,立即投递收藏
智联,计算机,计算机教师（数媒方向）,5000-7000元,临沂·河东·九曲,1-3年,本科,立即投递收藏
智联,计算机,计算机专业课老师（c语言、网页、网络）,1.5-2.5万·14薪,沈阳·沈北·正良,5-10年,本科,立即投递收藏
智联,计算机,技校计算机专业老师,3000-4000元,保定·莲池,经验不限,本科,立即投递收藏
智联,计算机,计算机老师,4000-6000元,济南·天桥·药山,经验不限,学历不限,立即投递收藏
智联,计算机,计算机程序老师,3000-5000元,邯郸·邯山区·罗城头街道,3-5年,大专,立即投递收藏
智联,计算机,计算机教师,4000-6000元,邯郸·峰峰矿区·临水镇,经验不限,本科,立即投递收藏
智联,计算机,计算机硬件维护工程师或工程八大员,4000-5000元,宁波·鄞州·潘火,经验不限,大专,立即投递收藏
智联,计算机,计算机技术员,8000-11000元,深圳·龙岗·坂田,1-3年,大专,立即投递收藏
智联,计算机,专升本计算机授课老师,4000-8000元,兰州·城关区·东岗西路街道,经验不限,硕士,立即投递收藏
智联,计算机,计算机主板检测与数据恢复工程师,6000-9000元,石家庄·长安·青园,3-5年,大专,立即投递收藏
智联,计算机,it计算机硬件技术员,8000-9000元,南京·秦淮·五老村,1年以下,大专,立即投递收藏
智联,计算机,计算机老师(线下专升本),8000-10000元,青岛·城阳·流亭,1-3年,本科,立即投递收藏
智联,计算机,计算机讲师,6000-7000元,石家庄·长安·西兆通,1-3年,本科,立即投递收藏
智联,计算机,计算机工程师,5000-10000元,合肥·包河·望湖,经验不限,本科,立即投递收藏
智联,计算机,计算机硬件销售,8000-15000元,深圳·福田·沙头,3-5年,大专,立即投递收藏
智联,计算机,计算机基础 | 专升本,5000-10000元,德阳·旌阳区,1-3年,本科,立即投递收藏
智联,计算机,计算机老师,5000-8000元,成都·双流·彭镇,1-3年,本科,立即投递收藏
智联,计算机,计算机教师,5000-8000元,成都·龙泉驿·同安,1-3年,本科,立即投递收藏
智联,计算机,计算机、财税、电商老师,7000-14000元,青岛·即墨·通济,经验不限,学历不限,立即投递收藏
智联,计算机,中职计算机网络技术专业教师,5000-9000元,镇江·京口区·谏壁街道,经验不限,本科,立即投递收藏
智联,计算机,计算机辅助设备管理员,4000-8000元,天津·南开·万兴,1年以下,大专,立即投递收藏
智联,计算机,计算机教师,4000-5000元,哈尔滨·香坊·幸福镇,3-5年,本科,立即投递收藏
智联,计算机,专业技术岗（计算机通信/监控）,150-200元/天,克孜勒苏柯尔克孜·阿合奇县·哈拉奇乡,经验不限,本科,立即投递收藏
智联,计算机,计算机软件编程助理,4000-5000元,合肥,经验不限,大专,立即投递收藏
智联,计算机,计算机运维,1-1.3万·13薪,武汉·青山,经验不限,高中,立即投递收藏
智联,计算机,计算机等级老师,3000-5000元,邯郸·邯山区·罗城头街道,3-5年,大专,立即投递收藏
智联,计算机,大专计算机教师,4000-6000元,哈尔滨·阿城·料甸,3-5年,硕士,立即投递收藏
智联,计算机,python工程师/算法工程师,9000-15000元,重庆·渝北,1-3年,学历不限,立即投递收藏
智联,计算机,计算机专业教师+管住五险,4000-8000元,郑州·中牟·姚家,经验不限,大专,立即投递收藏
智联,计算机,计算机专业教师,4000-8000元,临沂·河东·九曲,1-3年,本科,立即投递收藏
智联,计算机,计算机技术员,6000-10000元,杭州·滨江·西兴,1-3年,大专,立即投递收藏
智联,计算机,诚聘计算机IT运维工程技术人员,4000-8000元,吉安·遂川县·枚江镇,经验不限,大专,立即投递收藏
智联,计算机,计算机科学与技术教师,5000-10000元,廊坊·广阳区,经验不限,硕士,立即投递收藏
智联,计算机,计算机网络技术教师,6000-8000元,烟台·芝罘·黄务,3-5年,本科,立即投递收藏
智联,计算机,计算机教师,5000-7000元,长沙·浏阳·永安,1-3年,本科,立即投递收藏
智联,计算机,计算机维护工程师,6000-12000元,南京·建邺·南苑,经验不限,本科,立即投递收藏
智联,计算机,计算机专员,3000-5000元,石家庄·振头,经验不限,学历不限,立即投递收藏
智联,计算机,运维计算机工程师,1-1.2万·13薪,长沙·雨花·荷花园,经验不限,中专/中技,立即投递收藏
智联,计算机,计算机维修养护,7000-8000元,广州·海珠·凤阳,1-3年,大专,立即投递收藏
智联,计算机,计算机维修,3000-4000元,淄博·张店区·四宝山街道,经验不限,大专,立即投递收藏
智联,计算机,计算机应用专业老师,3000-5000元,石家庄·藁城·石家庄经开区,3-5年,本科,立即投递收藏
智联,计算机,计算机工程师,7000-12000元,武汉·江汉·北湖街,经验不限,大专,立即投递收藏
智联,计算机,机器人编程计算机指导师,3000-6000元,开封·龙亭区·新城街道,经验不限,大专,立即投递收藏
智联,计算机,计算机硬件工程师,150-200元/天,天津·滨海新区·北塘,经验不限,大专,立即投递收藏
智联,计算机,计算机硬件工程师助理,6000-9000元,石家庄·长安·西兆通,经验不限,大专,立即投递收藏
智联,计算机,计算机技术员,7000-9000元,深圳·龙华·龙华,经验不限,大专,立即投递收藏
智联,计算机,计算机考级老师,3000-5000元,邯郸·邯山区·罗城头街道,3-5年,大专,立即投递收藏
智联,计算机,单招计算机老师,4000-5000元,石家庄·长安·西兆通,1-3年,大专,立即投递收藏
智联,计算机,计算机技术员,8000-13000元·13薪,杭州·滨江·西兴,经验不限,大专,立即投递收藏
智联,计算机,语 数 英 机电 医护 计算机 财税 电商 体育 数媒 艺术,6000-9000元,青岛·即墨·通济,1-3年,本科,立即投递收藏
智联,计算机,计算机教师,4000-6000元,长沙·天心·桂花坪,1-3年,本科,立即投递收藏
智联,计算机,兼职(线上)留学生辅导计算机社会政治哲学,200-250元/时,石家庄·长安·中山东路,经验不限,本科,立即投递收藏
智联,计算机,计算机信息管理专员,1.1-1.5万,德州·宁津县·宁城街道,1-3年,本科,立即投递收藏
智联,计算机,计算机辅助设计师,3000-5000元,安庆·宜秀区·大龙山镇,经验不限,大专,立即投递收藏
智联,计算机,大学计算机教师,7000-9000元,哈尔滨·宾县·宾州,1-3年,硕士,立即投递收藏
智联,计算机,计算机网络管理员,1.2-1.4万,珠海·香洲区·横琴镇,1-3年,大专,立即投递收藏
智联,计算机,计算机公共课教师,5000-7000元,长春·宽城·欣园,经验不限,硕士,立即投递收藏
智联,计算机,计算机技术支持,5000-8000元,泰安·岱岳区·北集坡街道,经验不限,大专,立即投递收藏
智联,计算机,it计算机硬件技术员,7000-8000元,武汉·武昌,1-3年,大专,立即投递收藏
智联,计算机,计算机硬件维护工程师,8000-13000元,上海·普陀·南京东路,经验不限,学历不限,立即投递收藏
智联,计算机,计算机类专利代理人助理,4000-8000元,洛阳·洛龙·古城,经验不限,本科,立即投递收藏
智联,计算机,计算机网络技术专业教师,5000-8000元,日照·东港区·卧龙山街道,经验不限,本科,立即投递收藏
智联,计算机,计算机维护工程师,7000-11000元,武汉·江夏,1-3年,大专,立即投递收藏
智联,计算机,2027届计算机实习生,120-150元/天,济南·历城·孙村,经验不限,大专,立即投递收藏
智联,计算机,计算机教师,5000-7000元,东莞·厚街镇,经验不限,本科,立即投递收藏
智联,计算机,计算机硬件技术员,5000-6000元,郑州·金水·祭城路,1年以下,大专,立即投递收藏
智联,计算机,计算机技术类教师,360-500元/次,泰安·岱岳区·山口镇,5-10年,本科,立即投递收藏
智联,计算机,专升本计算机基础教师,5000-7000元,大连·甘井子·营城子,1-3年,硕士,立即投递收藏
智联,计算机,计算机硬件维护工程师,1-1.2万,上海·静安·共和新路,1年以下,大专,立即投递收藏
智联,计算机,计算机科学与技术教师,8000-16000元,济南·双山,经验不限,本科,立即投递收藏
智联,计算机,计算机老师(线下专升本),8000-10000元,济南·历城·巨野河,1-3年,硕士,立即投递收藏
智联,计算机,高校计算机讲师（软件工程）,8000-10000元·13薪,日照·东港区·日照街道,经验不限,硕士,立即投递收藏
智联,计算机,计算机硬件维护工程师,150-200元/天,张家口·怀来县·东花园镇,经验不限,大专,立即投递收藏
智联,计算机,计算机教师,6000-8000元,石家庄·元氏·马村,经验不限,硕士,立即投递收藏
智联,计算机,大学计算机讲师,5000-10000元,沈阳·沈北·道义,3-5年,硕士,立即投递收藏
智联,计算机,计算机技术开发岗,7000-12000元,淄博·张店区·和平街道,3-5年,硕士,立即投递收藏
智联,计算机,计算机硬件维护工程师,8000-11000元,南京·鼓楼·中央门,1年以下,大专,立即投递收藏
智联,计算机,计算机文员,5000-6000元,沈阳·皇姑·新乐,经验不限,本科,立即投递收藏
智联,计算机,计算机系统管理员（非应届，13薪，早九晚六）,6000-8000元·13薪,杭州·钱塘·白杨,1-3年,本科,立即投递收藏
智联,计算机,计算机软件硬件实习生,2000-3000元,辽源·龙山区·工农乡,经验不限,大专,立即投递收藏
智联,计算机,计算机硬件维护工程师,4000-6000元,焦作·光亚街道,3-5年,学历不限,立即投递收藏
智联,计算机,计算机信息系统技术员,8000-13000元·13薪,深圳·福田·华强北,1-3年,本科,立即投递收藏
智联,计算机,计算机辅助设计师/助理,8000-15000元,深圳·宝安·西乡,经验不限,本科,立即投递收藏
智联,计算机,计算机技术,4000-7000元,郑州·金水·东风路,1年以下,学历不限,立即投递收藏
智联,计算机,计算机管理员,8000-9000元,广州·番禺·大石,1-3年,本科,立即投递收藏
智联,计算机,计算机网络管理员,3000-4000元·13薪,运城·夏县·瑶峰镇,经验不限,大专,立即投递收藏
智联,计算机,5K起招计算机技术支持/助理+双休,5000-10000元,重庆·渝中·上清寺,经验不限,大专,立即投递收藏
智联,计算机,计算机网络管理员,4000-5000元,景德镇·昌江区,1-3年,大专,立即投递收藏
智联,计算机,计算机硬件维护工程师,4000-6000元,济南·长清·崮云湖,1-3年,学历不限,立即投递收藏
智联,计算机,计算机网络管理员,1.2-1.4万,广州·白云·嘉禾,1-3年,大专,立即投递收藏
智联,计算机,计算机网络管理员,1.2-1.4万,杭州·余杭·仓前,1-3年,大专,立即投递收藏
智联,计算机,语 数 英 机电 医护 计算机 财税 电商 体育 数媒 艺设,7000-10000元,青岛·即墨·通济,1-3年,本科,立即投递收藏
智联,计算机,计算机与物联网学院专任教师,7000-10000元,重庆·巴南·南泉,3-5年,硕士,立即投递收藏
智联,计算机,计算机硬件销售,8000-16000元,成都·武侯·火车南站,经验不限,大专,立即投递收藏
智联,计算机,专升本计算机教师,3000-6000元,兰州·安宁区·孔家崖街道,1-3年,本科,立即投递收藏
智联,计算机,计算机老师,5000-7000元,郑州·新郑·和庄,经验不限,本科,立即投递收藏
智联,计算机,计算机维护工程师,8000-13000元·13薪,杭州·滨江·西兴,1-3年,大专,立即投递收藏
智联,计算机,实施工程师（计算机方向）,5000-8000元,北京·平谷·山东庄,经验不限,大专,立即投递收藏
智联,计算机,计算机维护工程师,5000-8000元,重庆·九龙坡·渝州路,3-5年,大专,立即投递收藏
智联,计算机,计算机网络初级工程师,4000-6000元,合肥,经验不限,大专,立即投递收藏
智联,计算机,专升本汉语言文学、旅游管理、计算机等教师,6000-8000元,昆明·盘龙·拓东,经验不限,本科,立即投递收藏
智联,计算机,计算机及财务软件操作员,3000-6000元,开封·龙亭区,经验不限,大专,立即投递收藏
智联,计算机,计算机老师,4000-8000元,西安·未央·草滩,1年以下,本科,立即投递收藏
智联,计算机,计算机硬件维护工程师,1-1.2万,衡阳·石鼓区,1年以下,大专,立即投递收藏
智联,计算机,计算机维护工程师,4000-6000元,呼和浩特·成吉思汗街,经验不限,大专,立即投递收藏
智联,计算机,计算机硬件维护专员,8000-9000元,广州·天河·黄村,1-3年,本科,立即投递收藏
智联,计算机,计算机教师（平面设计老师）,4000-8000元,临沂·河东·九曲,经验不限,本科,立即投递收藏
智联,计算机,计算机制造基层岗,3000-6000元,金华·金东区·塘雅镇,经验不限,大专,立即投递收藏
智联,计算机,兼职计算机教师,3000-4000元,南昌·南昌县·向塘,1-3年,本科,立即投递收藏
智联,计算机,重庆专升本讲师（英语/高数/计算机/语文）,7000-14000元,重庆·巴南·龙洲湾,3-5年,本科,立即投递收藏
智联,计算机,计算机教师,5000-7000元,无锡·惠山·钱桥,经验不限,硕士,立即投递收藏
智联,计算机,AI计算机撰稿编辑,5000-8000元,石家庄·新华·天苑,经验不限,本科,立即投递收藏
智联,计算机,计算机、物联网、大数据专业专任教师,5000-8000元,长春·二道·英俊,经验不限,硕士,立即投递收藏
智联,计算机,计算机硬件维护工程师,8000-11000元,苏州·吴中·长桥,1年以下,大专,立即投递收藏
智联,计算机,计算机文员,5000-8000元,长春·绿园·正阳,经验不限,大专,立即投递收藏
智联,计算机,计算机技术员,5000-9000元,武汉·洪山·九峰,1-3年,大专,立即投递收藏
智联,计算机,计算机网络助理,5000-6000元,南昌·南昌县·小蓝经开区,经验不限,本科,立即投递收藏
智联,计算机,计算机教师,5000-7000元,新乡·原阳县·祝楼乡,经验不限,硕士,立即投递收藏
智联,计算机,中职计算机专业教师,4000-6000元,连云港·连云区·宿城街道,经验不限,本科,立即投递收藏
智联,计算机,计算机教师,7000-12000元,九江·共青城市·甘露镇,经验不限,本科,立即投递收藏
智联,计算机,计算机技术支持专员,9000-12000元,长沙·岳麓·学士,1-3年,大专,立即投递收藏
智联,计算机,计算机基础讲师,7000-10000元,保定·莲池·南大园,1-3年,本科,立即投递收藏
智联,计算机,大数据学院-计算机科学与技术类教师,6000-8000元,泰安·岱岳区·山口镇,经验不限,硕士,立即投递收藏
智联,计算机,计算机辅助设计师,100-200元/天,许昌·魏都区·南关街道,经验不限,本科,立即投递收藏
智联,计算机,计算机专员,7000-10000元,郑州·惠济·刘寨,经验不限,大专,立即投递收藏
智联,计算机,计算机专业教师,9000-12000元,湖州·安吉县·昌硕街道,经验不限,硕士,立即投递收藏
智联,计算机,计算机类专业教师,1-1.2万,福州·永泰·葛岭,经验不限,硕士,立即投递收藏
智联,计算机,计算机应用与技术专任教师,6000-7000元,德州·德城区·袁桥镇,经验不限,硕士,立即投递收藏
智联,计算机,计算机应用技术专任教师,5000-7000元,重庆·大足·龙岗,1-3年,本科,立即投递收藏
智联,计算机,计算机硬件销售,1-2万,深圳·南山·桃源,1-3年,学历不限,立即投递收藏
智联,计算机,计算机网络工程师,9000-14000元,太原·小店·小店街道,3-5年,本科,立即投递收藏
智联,计算机,计算机教师,5000-6000元,长春·朝阳,经验不限,本科,立即投递收藏
智联,计算机,计算机维修维护员,3000-6000元,嘉兴·南湖区·东栅街道,1-3年,大专,立即投递收藏
智联,计算机,[27届暑期实习]计算机整合制造工程师(CIM),190-200元/天,南京·浦口·桥林,经验不限,硕士,立即投递收藏
智联,计算机,专升本助教老师（高数、语文、英语、计算机、政治）,5000-10000元,济南·长清·崮云湖,经验不限,本科,立即投递收藏
智联,计算机,计算机工程师,8000-15000元,南京·江宁·秣陵,3-5年,本科,立即投递收藏
智联,计算机,计算机专业教师,4000-6000元·13薪,合肥·经开区·桃花,经验不限,硕士,立即投递收藏
智联,计算机,计算机维修,3000-5000元,潍坊·奎文·潍州路,经验不限,大专,立即投递收藏
智联,计算机,售后技术支持（计算机专业优先）,3000-6000元,佛山·南海·桂城,经验不限,大专,立即投递收藏
智联,计算机,5K起计算机助理/双休,5000-8000元,武汉·洪山·关山,经验不限,大专,立即投递收藏
智联,计算机,考研计算机讲师,8000-10000元,太原·小店·营盘,经验不限,本科,立即投递收藏
智联,计算机,专升本计算机老师,8000-10000元,天津·北辰·双街,1-3年,本科,立即投递收藏
智联,计算机,大学计算机教师,4000-6000元,保定·莲池·南大园,经验不限,硕士,立即投递收藏
智联,计算机,计算机信息类专业教师,6000-10000元,西安·长安·黄良,经验不限,硕士,立即投递收藏
智联,计算机,电气 计算机 机械专业编辑,2-3万,济南·长清·崮云湖,1-3年,博士,立即投递收藏
智联,计算机,计算机基础讲师（设计类）,6000-7000元,保定·莲池·南大园,1年以下,本科,立即投递收藏
智联,计算机,计算机网络技术专任老师,6000-8000元,长沙·岳麓·学士,经验不限,本科,立即投递收藏
智联,计算机,计算机网络管理员,1.3-1.5万,上海·金山·山阳,1-3年,大专,立即投递收藏
智联,计算机,平面及三维设计相关专业老师（计算机学院）,6000-12000元,抚州·临川区·七里岗乡,1-3年,硕士,立即投递收藏
智联,计算机,计算机软件培训老师,100-200元,北京·朝阳·左家庄,3-5年,本科,立即投递收藏
智联,计算机,计算机专业教师,8000-10000元,眉山·彭山区·观音街道,经验不限,硕士,立即投递收藏
智联,计算机,计算机专业教师,5000-10000元,济南·平阴·榆山,1-3年,本科,立即投递收藏
智联,计算机,计算机专业教学助理,5000-6000元,石河子市·向阳街道,经验不限,本科,立即投递收藏
智联,计算机,计算机专业教师兼班主任,6000-10000元,肇庆·四会市·城中街道,3-5年,大专,立即投递收藏
智联,计算机,计算机制造基层岗,150-200元/天,金华·金东区·塘雅镇,经验不限,中专/中技,立即投递收藏
智联,计算机,计算机硬件维护工程师,1-1.2万,长沙·开福·秀峰,1年以下,大专,立即投递收藏
智联,计算机,计算机助教,4000-8000元,泰州·海陵区·城东街道,经验不限,本科,立即投递收藏
智联,计算机,（互联网）计算机系统管理员,7000-9000元,东莞·东城街道,经验不限,本科,立即投递收藏
智联,计算机,计算机网络管理员,1.2-1.4万,广州·天河·珠吉,1-3年,大专,立即投递收藏
智联,计算机,计算机软件教师,3000-5000元,聊城·东昌府区·许营镇,1-3年,本科,立即投递收藏
智联,计算机,计算机科学与技术岗位专任教师,7000-11000元,巴音郭楞·库尔勒市·阿瓦提乡,经验不限,博士,立即投递收藏
智联,计算机,计算机文员,7000-9000元·13薪,福州·仓山·东升,经验不限,中专/中技,立即投递收藏
智联,计算机,计算机老师,4000-7000元,南通·崇川·和平桥,经验不限,本科,立即投递收藏
智联,计算机,计算机硬件维护工程师,7000-9000元,长沙·岳麓·学士,1-3年,大专,立即投递收藏
智联,计算机,计算机通信工程师,1-2万,重庆·两江新区,经验不限,大专,立即投递收藏
智联,计算机,计算机学院专职教师,4000-8000元,成都·郫都·犀浦,3-5年,硕士,立即投递收藏
智联,计算机,计算机讲师,6000-9000元,保定·莲池·南大园,经验不限,本科,立即投递收藏
智联,计算机,计算机硬件维护工程师,7000-8000元,西安·西安·南院门,经验不限,学历不限,立即投递收藏
智联,计算机,计算机、物联网、大数据、电子竞技等专业教师,4000-6000元,保定·南大园,经验不限,本科,立即投递收藏
智联,计算机,计算机专业教师,6000-8000元,南昌·新建·罗亭,经验不限,硕士,立即投递收藏
智联,计算机,计算机硬件维护工程师,7000-9000元·13薪,西安·碑林·文艺路,1-3年,大专,立即投递收藏
智联,计算机,计算机硬件工程师,8000-10000元,镇江·丹徒区·宜城街道,经验不限,大专,立即投递收藏
智联,计算机,计算机编程员,7000-14000元,广州·花都·狮岭,3-5年,大专,立即投递收藏
智联,计算机,计算机网络技术、物联网、大数据专业教师,4000-8000元,石家庄·鹿泉·大河,1-3年,硕士,立即投递收藏
智联,计算机,计算机网络管理员,4000-6000元,天津·南开·万兴,1年以下,学历不限,立即投递收藏
智联,计算机,计算机教师,3000-5000元,沈阳·沈北·虎石台,1-3年,本科,立即投递收藏
智联,计算机,计算机硬件维护工程师,1-1.2万,长沙·岳麓·观沙岭,1年以下,大专,立即投递收藏
智联,计算机,计算机及网络工程师,5000-10000元,天津·静海·静海镇,1-3年,本科,立即投递收藏
智联,计算机,计算机工程师,5000-8000元,西安·新城·中山门,1-3年,本科,立即投递收藏
智联,计算机,计算机化系统管理员(J10468),7000-10000元,成都·双流·永安,1-3年,本科,立即投递收藏
智联,计算机,计算机（老代新 无经验实习生）,5000-10000元,合肥·瑶海·三里街,1-3年,大专,立即投递收藏
智联,计算机,计算机教师,1.1-1.2万,南京·鼓楼·中央门,1-3年,本科,立即投递收藏
智联,计算机,计算机等级老师招聘,3000-5000元,邯郸·邯山区·罗城头街道,3-5年,大专,立即投递收藏
智联,计算机,计算机助教,7000-9000元,重庆·两江新区,经验不限,本科,立即投递收藏
智联,计算机,计算机硬件维护工程师（要求银行网点运维经验）,3000-5000元,长春·绿园·林园,1-3年,学历不限,立即投递收藏
智联,计算机,计算机硬件维护工程师,9000-11000元,南宁·青秀·津头,1-3年,大专,立即投递收藏
智联,计算机,计算机类，电子信息类，航空航天类等专任教师,8000-13000元,西安·长安·王曲,经验不限,硕士,立即投递收藏
智联,计算机,计算机运维工程师,3000-6000元,新乡·红旗区·洪门镇,经验不限,大专,立即投递收藏
智联,计算机,计算机工程教师,4000-6000元,沈阳·于洪·造化,1-3年,本科,立即投递收藏
智联,计算机,计算机网络测试助理,6000-8000元,沈阳·沈河·北站,经验不限,大专,立即投递收藏
智联,计算机,计算机专员,6000-7000元·13薪,淄博·张店区·四宝山街道,经验不限,大专,立即投递收藏
智联,计算机,诚聘医药生产经营企业计算机信息部主管,3000-6000元,吉安·遂川县·枚江镇,经验不限,大专,立即投递收藏
智联,计算机,计算机网络管理员,1.2-1.4万,广州·白云·云城,1-3年,大专,立即投递收藏
智联,计算机,文员内勤（计算机/财务/可应届）,3000-5000元,保定·莲池·杨庄,经验不限,本科,立即投递收藏
智联,计算机,计算机维护工程师,6000-8000元,长春·朝阳·硅谷,1-3年,本科,立即投递收藏
智联,计算机,2026届校招生（计算机类）,6000-9000元,成都·武侯·桂溪,经验不限,本科,立即投递收藏
智联,计算机,计算机技术助理,6000-9000元,淄博·淄川区·科苑街道,经验不限,高中,立即投递收藏
智联,计算机,python工程师/算法工程师,1.1-1.8万·13薪,福州·台江·宁化,5-10年,本科,立即投递收藏
智联,计算机,计算机软件操维护,2000-4000元,鹤壁·淇滨区·黎阳路街道,经验不限,大专,立即投递收藏
智联,计算机,计算机维护工程师（实习岗）,100-150元/天,石家庄·鹿泉·获鹿,经验不限,大专,立即投递收藏
智联,计算机,计算机网络管理员,9000-11000元,成都·新都·斑竹园,1-3年,大专,立即投递收藏
智联,计算机,计算机老师,4000-7000元,南通·崇川·和平桥,3-5年,本科,立即投递收藏
智联,计算机,计算机视觉工程师,1-1.5万,常州·武进·潞城,3-5年,大专,立即投递收藏
智联,计算机,计算机软件专利代理人助理,4000-8000元,洛阳·洛龙·翠云路,经验不限,本科,立即投递收藏
智联,计算机,计算机科学与技术（本科）（专科）教师,3000-6000元,保定·莲池·南大园,经验不限,硕士,立即投递收藏
智联,计算机,大学计算机教师,5000-8000元,石家庄·裕华·宋营,经验不限,硕士,立即投递收藏
智联,计算机,公共基础课教师（语文 数学 英语 思政 历史 计算机 体育）,4000-6000元,乌鲁木齐·沙依巴克区·炉院街街道,经验不限,本科,立即投递收藏
智联,计算机,计算机管理员,6000-9000元,沈阳·浑南·浑河站东,3-5年,本科,立即投递收藏
智联,计算机,计算机网络管理员,1.2-1.4万,南京·江宁·东山,1-3年,大专,立即投递收藏
智联,计算机,AI化学工程师（计算机辅助化学设计）,1-2万,重庆·北碚·水土,经验不限,硕士,立即投递收藏
智联,计算机,计算机专业教师(J11294),6000-11000元,哈尔滨·香坊·朝阳,1年以下,硕士,立即投递收藏
智联,计算机,计算机专业教师,4000-6000元,聊城·东昌府区·许营镇,1年以下,本科,立即投递收藏
智联,计算机,小学计算机教师,9000-11000元,天津·河西,经验不限,本科,立即投递收藏
智联,计算机,计算机软件硬件技术工程师,5000-7000元,扬州·邗江区·文汇街道,3-5年,大专,立即投递收藏
智联,计算机,计算机硬件维护工程师,5000-10000元,石家庄·裕华·裕兴,经验不限,大专,立即投递收藏
智联,计算机,计算机网络工程师,3000-6000元,德州·德城区·广川街道,1-3年,学历不限,立即投递收藏
智联,计算机,计算机专员,3000-5000元,太原·小店·小店街道,经验不限,大专,立即投递收藏
智联,计算机,计算机化系统验证专员,7000-10000元·13薪,重庆·荣昌·昌州,3-5年,本科,立即投递收藏
智联,计算机,计算机网络管理员-双休,3000-5000元,泰安·岱岳区·北集坡街道,1-3年,本科,立即投递收藏
智联,计算机,计算机服务器销售,8000-16000元,北京·海淀·上地,经验不限,学历不限,立即投递收藏
智联,计算机,计算机专业课讲师,1-2万,徐州·云龙区·彭城街道,3-5年,硕士,立即投递收藏
智联,计算机,计算机学院专任教师,1-1.4万,佛山·南海·狮山,经验不限,硕士,立即投递收藏
智联,计算机,计算机硬件维护技术员,3000-4000元,淄博·张店区·四宝山街道,经验不限,大专,立即投递收藏
智联,计算机,诚聘普工/操作工,3000-5000元,金华·金东区·塘雅镇,经验不限,大专,立即投递收藏
智联,计算机,计算机科学与技术教师,5000-7000元,长春·宽城·欣园,经验不限,硕士,立即投递收藏
智联,计算机,计算机教师,6000-7000元,武汉·黄陂·武湖,经验不限,硕士,立即投递收藏
智联,计算机,计算机软件工程师,6000-12000元,张家口·宣化区·建国街街道,1-3年,本科,立即投递收藏
智联,计算机,计算机专业教师,5000-7000元,大连·甘井子·营城子,1-3年,本科,立即投递收藏
智联,计算机,计算机/安防技术人员,4000-6000元,乐山·市中区·海棠街道,经验不限,学历不限,立即投递收藏
智联,计算机,计算机网页及手机APP制作人员助理,3000-6000元,武汉·江夏·龙泉,经验不限,本科,立即投递收藏
智联,计算机,计算机维修驻场工程师,3000-4000元,石家庄·新华·新华路,经验不限,大专,立即投递收藏
智联,计算机,计算机专升本讲师,7000-13000元,济南·天桥·堤口路,1-3年,本科,立即投递收藏
智联,计算机,计算机老师（数据分析方向·提供系统培训）,8000-13000元,广州·海珠·新港,经验不限,本科,立即投递收藏
智联,计算机,通信、机械、电子信息、电气、计算机、自动化专利工程师,5000-8000元·13薪,鹤壁·淇滨区·九州路街道,经验不限,本科,立即投递收藏
智联,计算机,计算机文员,6000-8000元,杭州·上城·四季青,1-3年,本科,立即投递收藏
智联,计算机,计算机工作站销售,6000-9000元·13薪,西安·未央·三桥,1-3年,大专,立即投递收藏
智联,计算机,技术开发专员（计算机软件方向）(J13403),9000-15000元·15薪,厦门·海沧,1-3年,本科,立即投递收藏
智联,计算机,高中计算机教师,4000-8000元,沧州·沧县·纸房头镇,经验不限,大专,立即投递收藏
智联,计算机,计算机教师,4000-6000元,青岛·城阳·流亭,经验不限,硕士,立即投递收藏
智联,计算机,高中计算机老师,6000-11000元,铜仁·碧江区·川硐街道,经验不限,本科,立即投递收藏
智联,计算机,计算机网络老师,4000-7000元,海口·美兰·演丰,3-5年,本科,立即投递收藏
智联,计算机,计算机硬件维护工程师,6000-7000元·13薪,大连·大连·青泥洼桥,经验不限,学历不限,立即投递收藏
智联,计算机,计算机专任教师,9000-12000元,湖州·安吉县·昌硕街道,经验不限,硕士,立即投递收藏
智联,计算机,计算机辅助药物设计助理研究员,8000-12000元,青岛·市南·金门路,1-3年,本科,立即投递收藏
智联,计算机,计算机-成都光华技工学校,4000-7000元,成都·郫都·红光,经验不限,本科,立即投递收藏
智联,计算机,人工智能计算机教师,7000-8000元,天津·宝坻·宝平,3-5年,本科,立即投递收藏
智联,计算机,职高计算机教师5-8k+五险+包食宿,5000-8000元,呼和浩特·回民区·攸攸板,3-5年,大专,立即投递收藏
智联,计算机,计算机老师(007761),4000-7000元,攀枝花·东区·弄弄坪街道,经验不限,硕士,立即投递收藏
智联,计算机,计算机硬件工程师,1-1.2万,重庆·渝中·化龙桥,1-3年,大专,立即投递收藏
智联,计算机,计算机网络管理员,7000-10000元,昆明·官渡·矣六,1-3年,大专,立即投递收藏
智联,计算机,计算机网络技术专业教师,1.2-2万,北京·房山·窦店,3-5年,硕士,立即投递收藏
智联,计算机,研发助理兼计算机管理员,5000-7000元,长沙·岳麓·天顶,1-3年,大专,立即投递收藏
智联,计算机,售前技术支持（有中级计算机技术与软件专业技术资格证书）,6000-10000元,周口·川汇区·许湾街道,3-5年,本科,立即投递收藏
智联,计算机,计算机硬件维护工程师,6000-10000元·13薪,武汉·江夏·佛祖岭,经验不限,大专,立即投递收藏
智联,计算机,计算机平面教师,4000-6000元,长春·公主岭·范家屯,3-5年,大专,立即投递收藏
智联,计算机,计算机高层次教师,7000-10000元,重庆·合川·合阳城,5-10年,本科,立即投递收藏
智联,计算机,计算机硬件维护工程师,4000-8000元,黔南·福泉市·金山街道,1年以下,中专/中技,立即投递收藏
智联,计算机,计算机辅助设计师(超长年假）,4000-6000元,天津·南开·万兴,1年以下,学历不限,立即投递收藏
智联,计算机,计算机网络管理员,6000-7000元·13薪,台州·黄岩区·沙埠镇,1-3年,大专,立即投递收藏
智联,计算机,计算机网络老师,6000-8000元,佛山·三水·乐平,3-5年,本科,立即投递收藏
智联,计算机,开发实习生（27届）,150-180元/天,上海·长宁·虹桥,经验不限,本科,立即投递收藏
智联,计算机,无人机/机器人/计算机编程教师,3000-6000元,泉州·南安市·霞美镇,1-3年,本科,立即投递收藏
智联,计算机,网络及计算机硬件维护工程师,4000-8000元,大连·中山·青泥洼桥,经验不限,大专,立即投递收藏
智联,计算机,计算机教师,4000-5000元,哈尔滨·香坊·香坊大街,5-10年,本科,立即投递收藏
智联,计算机,计算机工程师,7000-14000元,绍兴·诸暨市·陶朱街道,经验不限,本科,立即投递收藏
智联,计算机,计算机技术人员3000-4500,3000-6000元,秦皇岛·海港区·腾飞路街道,3-5年,大专,立即投递收藏
智联,计算机,理工科技学院--计算机科学系助理导师,7000-9000元,珠海·香洲区·唐家湾镇,经验不限,本科,立即投递收藏
智联,计算机,CNC（计算机数控机床）人员,5000-7000元,日照·莒县·浮来山街道,5-10年,中专/中技,立即投递收藏
智联,计算机,计算机硬件维护工程师,1-1.2万,上海·浦东·祝桥,1年以下,大专,立即投递收藏
智联,计算机,计算机软硬件维护/机房管理,5000-6000元·13薪,长沙·宁乡·历经铺,1-3年,大专,立即投递收藏
智联,计算机,春考计算机老师,6000-9000元,济南·历城·巨野河,经验不限,本科,立即投递收藏
智联,计算机,计算机技术员,6000-12000元,深圳·福田·福田街道,经验不限,大专,立即投递收藏
智联,计算机,计算机应用人员,3000-6000元,开封·龙亭区,经验不限,大专,立即投递收藏
智联,计算机,计算机硬件维护工程师,5000-8000元,石家庄·裕华·裕兴,经验不限,大专,立即投递收藏
智联,计算机,计算机学院公共课教师,6000-7000元,武汉·黄陂·武湖,经验不限,硕士,立即投递收藏
智联,计算机,计算机网络管理员,1.2-1.4万,珠海·香洲区·香湾街道,1-3年,大专,立即投递收藏
智联,计算机,计算机专员,5000-8000元,江门·江海区·外海街道,经验不限,大专,立即投递收藏
智联,计算机,春考专业课授课老师（电子电工/计算机/车工/会计/物流/电子商务等学科）,8000-15000元,天津·河东·大直沽,3-5年,本科,立即投递收藏
智联,计算机,计算机技术员,5000-9000元,杭州·滨江·西兴,1-3年,大专,立即投递收藏
智联,计算机,计算机网络工程师,5000-9000元,包头·九原区,1-3年,大专,立即投递收藏
智联,计算机,诚聘计算机&仓储管理专员,5000-6000元,长沙·天心·先锋,1-3年,大专,立即投递收藏
智联,计算机,计算机管理员,3000-4000元,新乡·长垣市·丁栾镇,1-3年,大专,立即投递收藏
智联,计算机,计算机教师,5000-6000元,石家庄·元氏·马村,经验不限,硕士,立即投递收藏
智联,计算机,计算机大学老师,8000-10000元,昆明·盘龙·联盟,3-5年,本科,立即投递收藏
智联,计算机,计算机教师,5000-7000元,哈尔滨·呼兰·学院路,经验不限,硕士,立即投递收藏
智联,计算机,2026实习生-交通运输、计算机类,180-200元/天,青岛·即墨·龙泉,经验不限,本科,立即投递收藏
智联,计算机,计算机网络管理员,7000-10000元,石家庄·长安·中山东路,经验不限,大专,立即投递收藏
智联,计算机,计算机文员,4000-6000元,长春·南关·明珠,1-3年,大专,立即投递收藏
智联,计算机,中小学计算机AI方向教师（北京校区）,1.4-1.6万,北京·海淀·八里庄,经验不限,硕士,立即投递收藏
智联,计算机,计算机老师 理科老师,3000-5000元,保定·易县·易州,经验不限,大专,立即投递收藏
智联,计算机,技术指导岗（计算机类方向）,6000-8000元,九江·柴桑区·永安乡,1-3年,本科,立即投递收藏
智联,计算机,自动化/通信/电子/电学/物理/计算机类技术专利检索分析,1.4-1.8万·13薪,广州·黄埔·永和,经验不限,本科,立即投递收藏
智联,计算机,计算机硬件驻点工程师,4000-5000元,宁波·北仑·霞浦,经验不限,大专,立即投递收藏
智联,计算机,考研兼职老师（计算机/法硕）,90-180元/时,太原·小店·平阳路,1-3年,硕士,立即投递收藏
智联,计算机,计算机销售工程师（工控机、嵌入式计算机）,8000-15000元·13薪,北京·海淀·上地,经验不限,大专,立即投递收藏
智联,计算机,计算机化系统合规管理员,5000-8000元,黄冈·黄梅县·小池镇,3-5年,本科,立即投递收藏
智联,计算机,计算机技术专员,4000-5000元,郑州·金水·东风路,1-3年,大专,立即投递收藏
智联,计算机,计算机维修,4000-5000元,秦皇岛·海港区·黄河道街道,经验不限,学历不限,立即投递收藏
智联,计算机,计算机硬件维护工程师,4000-6000元,安庆·大桥街道,经验不限,大专,立即投递收藏
智联,计算机,计算机维护工程师,4000-6000元,重庆·两江新区,1-3年,大专,立即投递收藏
智联,计算机,计算机专业人员,5000-10000元,濮阳·华龙区·任丘路街道,经验不限,本科,立即投递收藏
智联,计算机,储备干部（计算机/软件方向）,230-300元/天,镇江·句容市·黄梅街道,经验不限,大专,立即投递收藏
智联,计算机,高中计算机教师,5000-7000元·13薪,拉萨·堆龙德庆区,1-3年,大专,立即投递收藏
智联,计算机,计算机管理员/网络运维,6000-8000元,徐州·新沂市·墨河街道,3-5年,大专,立即投递收藏
智联,计算机,计算机硬件维护工程师,7000-9000元,东营·东营·盐窝镇,经验不限,学历不限,立即投递收藏
智联,计算机,计算机程序开发工程师,5000-10000元·13薪,苏州·昆山·张浦,1-3年,本科,立即投递收藏
智联,计算机,计算机维护工程师,6000-8000元,上海·闵行·古美,1-3年,大专,立即投递收藏
智联,计算机,专利代理人（电学/通信/计算机/机械）,7000-14000元,银川·金凤区·北京中路街道,1-3年,本科,立即投递收藏
智联,计算机,AI开发工程师,1.5-1.8万,上海·浦东·北蔡,1-3年,本科,立即投递收藏
智联,计算机,计算机工程师,1.2-1.4万,合肥·包河,1-3年,大专,立即投递收藏
智联,计算机,计算机老师,4000-8000元,鄂尔多斯·东胜区·巴音门克街道,1-3年,本科,立即投递收藏
智联,计算机,计算机岗位,4000-6000元,长春·南关·明珠,5-10年,本科,立即投递收藏
智联,计算机,电话销售（计算机硬件行业）,7000-14000元·18薪,深圳·福田·华强北,5-10年,学历不限,立即投递收藏
智联,计算机,计算机软件技术岗,1.2-1.5万,北京·丰台·看丹,经验不限,本科,立即投递收藏
智联,计算机,计算机化系统管理（IT合规管理）,8000-13000元,石家庄·藁城·石家庄经开区,1-3年,本科,立即投递收藏
智联,计算机,计算机网络技术专任教师,8000-10000元,烟台·福山,3-5年,硕士,立即投递收藏
智联,计算机,数字技术产业学院专任教师——计算机工程系,5000-7000元·13薪,郑州·金水·兴达路,经验不限,硕士,立即投递收藏
智联,计算机,计算机类/软件工程专业大学教师,6000-9000元,哈尔滨·呼兰·学院路,经验不限,硕士,立即投递收藏
智联,计算机,计算机硬件维护工程师,8000-9000元,武汉·洪山·关山,1-3年,大专,立即投递收藏
智联,计算机,计算机硬件维护工程师,6000-7000元,重庆·重庆·蒲吕,经验不限,学历不限,立即投递收藏
智联,计算机,保密办计算机安全管理员,8000-12000元,北京·海淀·紫竹院,1-3年,本科,立即投递收藏
智联,计算机,国际学校助教老师（计算机/物理/艺术与设计/商科/数学/经济学/生物/化学）,7000-9000元,重庆·两江新区,经验不限,本科,立即投递收藏
智联,计算机,计算机专业教学助理,5000-6000元,阿拉尔市·幸福路街道,经验不限,本科,立即投递收藏
智联,计算机,双语计算机老师,2.5-3万,北京·丰台·青塔,3-5年,硕士,立即投递收藏
智联,计算机,计算机销售工程师,4000-8000元,西安·莲湖·环城西路,经验不限,大专,立即投递收藏
智联,计算机,计算机硬件维护工程师,6000-9000元,石家庄·裕华·裕兴,经验不限,大专,立即投递收藏
智联,计算机,计算机维修,3000-5000元,天津·南开·学府,经验不限,中专/中技,立即投递收藏
智联,计算机,呼和浩特地区渠道经理（恒鼎计算机）,4000-8000元,呼和浩特·赛罕·敕勒川路,经验不限,大专,立即投递收藏
智联,计算机,管培生（计算机方向）,5000-7000元,青岛·崂山·中韩,经验不限,本科,立即投递收藏
智联,计算机,计算机与网络工程师,5000-8000元·13薪,宜昌·西陵区·西陵街道,3-5年,本科,立即投递收藏
智联,计算机,计算机网络工程师,8000-9000元,烟台·莱州·朱桥,5-10年,本科,立即投递收藏
智联,计算机,计算机专业教师,1.2-1.6万,北京·顺义,3-5年,硕士,立即投递收藏
智联,计算机,计算机AI视觉软件设计工程师,6000-12000元,郑州·管城·京航,3-5年,本科,立即投递收藏
智联,计算机,计算机科学与技术教师,8000-12000元,福州·连江·潘渡,经验不限,硕士,立即投递收藏
智联,计算机,计算机运维工程师,7000-9000元,乌鲁木齐·水磨沟区·六道湾街道,经验不限,本科,立即投递收藏
智联,计算机,信息维护专员/计算机软硬件,5000-6000元,辽源·龙山区·工农乡,3-5年,大专,立即投递收藏
智联,计算机,计算机硬件工程师,5000-10000元,石家庄·威州,经验不限,本科,立即投递收藏
智联,计算机,学校实验中心计算机类实验室 - 技术人员,4000-7000元,咸阳·泾阳县·泾干街道,1-3年,本科,立即投递收藏
智联,计算机,计算机网络应用专任教师,9000-12000元,深圳·坪山·石井,经验不限,硕士,立即投递收藏
智联,计算机,计算机管理员,1.2-2万,北京·西城·天桥,3-5年,大专,立即投递收藏
智联,计算机,计算机维修维护员,2000-3000元,张家口·桥西区·沈家屯镇,经验不限,中专/中技,立即投递收藏
智联,计算机,大学计算机相关专业教师,5000-8000元,长春·宽城·欣园,经验不限,硕士,立即投递收藏
智联,计算机,计算机及网络管理员,3000-4000元,鞍山·铁西区·永发街道,1-3年,大专,立即投递收藏
智联,计算机,计算机类专职教师-软件工程学院,6000-8000元,重庆·合川·合阳城,经验不限,硕士,立即投递收藏
智联,计算机,计算机科学与技术、软件,6000-9000元,郑州·金水·祭城路,经验不限,本科,立即投递收藏
智联,计算机,车间计算机（明复乐）,6000-10000元,广州·黄埔·联和,经验不限,大专,立即投递收藏
智联,计算机,计算机信息教师,6000-8000元,邯郸·复兴区·彭家寨乡,经验不限,本科,立即投递收藏
智联,计算机,计算机硬件维护工程师,4000-6000元,临沂·柳青,1-3年,中专/中技,立即投递收藏
智联,计算机,计算机教师,6000-8000元,石家庄·鹿泉·石井,经验不限,硕士,立即投递收藏
智联,计算机,AI 算法研发工程师（无人车 / 计算机视觉方向）,1.4-2.8万,保定·容城·容城镇,经验不限,硕士,立即投递收藏
智联,计算机,计算机硬件维护工程师,6000-8000元,东莞·东莞·虎门镇,经验不限,学历不限,立即投递收藏
智联,计算机,计算机硬件维护工程师,4000-6000元,凉山·西昌市·西城街道,1-3年,本科,立即投递收藏
智联,计算机,人工智能 / 计算机专业教材编校,7000-8000元,武汉·江汉·经开区,经验不限,本科,立即投递收藏
智联,计算机,计算机网络工程师,5000-9000元,郑州·金水·祭城路,经验不限,大专,立即投递收藏
智联,计算机,算法工程师（文档智能 / 计算机视觉方向）,1.5-3万,广州·番禺·石壁,3-5年,本科,立即投递收藏
智联,计算机,算法工程师（计算机视觉 / 图像方向）,9000-18000元,太原·小店·平阳路,经验不限,本科,立即投递收藏
智联,计算机,计算机系统工程师,1-2万,宁波·余姚·兰江,经验不限,本科,立即投递收藏
智联,计算机,双语计算机教师,1.5-2万·14薪,武汉·黄陂·盘龙经开区,1-3年,本科,立即投递收藏
智联,计算机,库管员兼计算机管理员,8000-10000元,北京·通州·台湖,1-3年,中专/中技,立即投递收藏
智联,计算机,后端开发工程师,7000-14000元·16薪,天津·滨海新区·杭州道,经验不限,本科,立即投递收藏
智联,计算机,京东物流JD YOUNG 实习生（计算机、数据、通信方向）,300-400元/天,苏州·昆山·千灯,经验不限,本科,立即投递收藏
智联,计算机,计算机视觉算法工程师,280-500元/天,北京·朝阳,经验不限,硕士,立即投递收藏
智联,计算机,计算机技术员,5000-8000元·13薪,深圳·龙岗·坂田,经验不限,本科,立即投递收藏
智联,计算机,计算机设备维护专员（新疆外派）,8000-10000元,廊坊·三河市·行宫东街道,经验不限,大专,立即投递收藏
智联,计算机,计算机直接制版员,3000-5000元,西安·未央·六村堡,经验不限,中专/中技,立即投递收藏
智联,计算机,（初中级）IT技术支持计算机,1-1.1万·13薪,成都·郫都·红光,经验不限,高中,立即投递收藏
智联,计算机,计算机类专业课老师,4000-6000元,石家庄·新华·杜北,经验不限,硕士,立即投递收藏
智联,计算机,计算机维修工程师,5000-7000元,苏州·张家港·杨舍,3-5年,大专,立即投递收藏
智联,计算机,计算机科学/人工智能工程师,6000-12000元,哈尔滨·南岗·花园街道,经验不限,硕士,立即投递收藏
智联,计算机,2026届校招计算机IT类专业应届毕业生,9000-12000元·13薪,济南·历城·港沟,经验不限,本科,立即投递收藏
智联,计算机,信息部实习生（计算机方向-有转正名额）-济南,100-150元/天,济南·槐荫,经验不限,本科,立即投递收藏
智联,计算机,计算机文员,7000-10000元,上海·闵行·颛桥,经验不限,硕士,立即投递收藏
智联,计算机,计算机硬件技术员,5000-6000元,大连·金州·湾里,1-3年,学历不限,立即投递收藏
智联,计算机,春考专业课授课老师（电子电工/计算机/车工/会计/物流/电子商务等学科）,8000-15000元,天津·南开·广开,3-5年,本科,立即投递收藏
智联,计算机,学校实验中心计算机类实验室 - 技术人员,4000-7000元,咸阳·泾阳县·泾干街道,1-3年,本科,立即投递收藏
智联,计算机,计算机教师,9000-11000元,上海·长宁·周家桥,经验不限,硕士,立即投递收藏
智联,计算机,PyQt软件开发工程师,8000-13000元,石家庄·裕华·太行,经验不限,本科,立即投递收藏
智联,计算机,计算机讲师,9000-14000元·13薪,南昌·青山湖,5-10年,本科,立即投递收藏
智联,计算机,计算机动画制作老师,520元/天,长春·公主岭·范家屯,1-3年,本科,立即投递收藏
智联,计算机,计算机技术支持工程师,9000-10000元,深圳·龙华·龙华,1-3年,大专,立即投递收藏
智联,计算机,计算机硬件维护工程师,7000-8000元,郑州·中原·中原西路,1-3年,大专,立即投递收藏
智联,计算机,计算机网络管理员,1-1.8万,北京·海淀·上地,经验不限,大专,立即投递收藏
智联,计算机,Python开发工程师（大模型评测平台）,1.6-3万,北京·海淀·马连洼,1-3年,本科,立即投递收藏
智联,计算机,计算机、物流第三方仓库管理员,3000-5000元,合肥·庐阳,1-3年,大专,立即投递收藏
智联,计算机,计算机教师-兼职岗,400元/时,北京·昌平,1-3年,硕士,立即投递收藏
智联,计算机,计算机技术人员及办公设备维护员,6000-12000元,宣城·广德市·桃州镇,1-3年,学历不限,立即投递收藏
智联,计算机,计算机运维工程师,5000-8000元,武汉·洪山·珞南,经验不限,学历不限,立即投递收藏
智联,计算机,算法工程师（计算机视觉）-硕士,8000-15000元,重庆·九龙坡·含谷,经验不限,硕士,立即投递收藏
智联,计算机,计算机网络工程师,3000-6000元,济南·平阴·安城,经验不限,大专,立即投递收藏
智联,计算机,计算机网络工程师,7000-12000元·13薪,东莞·南城街道,1-3年,大专,立即投递收藏
智联,计算机,计算机文员,4000-7000元,北京·昌平·东小口,经验不限,中专/中技,立即投递收藏
智联,计算机,计算机视觉工程师,6000-8000元,沈阳·皇姑·北塔,经验不限,大专,立即投递收藏
智联,计算机,计算机主板销售经理,1-1.5万,上海·徐汇·徐家汇,经验不限,高中,立即投递收藏
智联,计算机,计算机硬件维护工程师,4000-7000元,济南·长清·崮云湖,3-5年,高中,立即投递收藏
智联,计算机,计算机硬件技术工程师,5000-9000元,厦门·同安·西柯,1-3年,本科,立即投递收藏
智联,计算机,计算机类教师（工作地点泾阳校区）,5000-8000元,西安·长安·黄良,经验不限,硕士,立即投递收藏
智联,计算机,计算机化系统运维工程师,6000-10000元,沧州·新华区·沧州开发区,3-5年,本科,立即投递收藏
智联,计算机,计算机应用技术专业教师,6000-8000元,泸州·合江县·符阳街道,经验不限,硕士,立即投递收藏
智联,计算机,计算机网络管理员,1.2-1.4万,杭州·萧山·宁围,1-3年,大专,立即投递收藏
智联,计算机,计算机软硬件维护工程师,4000-7000元,宜宾·叙州区·赵场街道,3-5年,大专,立即投递收藏
智联,计算机,市调、食品、计算机,8000-16000元·13薪,上海·青浦·香花桥,经验不限,本科,立即投递收藏
智联,计算机,计算机管理信息管理员,5000-6000元,晋中·榆次区·晋中经济开发区,3-5年,大专,立即投递收藏
智联,计算机,电话销售 工业自动化产品销售 计算机相关专业 双休 本科 五险,9000-18000元,石家庄·长安·河东,经验不限,大专,立即投递收藏
智联,计算机,计算机硬件采购专员（CPU/显卡/主板方向）,7000-10000元,深圳·龙华·龙华,经验不限,本科,立即投递收藏
智联,计算机,计算机维修驻场工程师,5000-6000元,北京·西城·什刹海,1-3年,大专,立即投递收藏
智联,计算机,计算机网络管理员,6000-9000元,广州·天河·五山,经验不限,大专,立即投递收藏
智联,计算机,计算机技术专任教师（中英双语教学）,5000-7000元,大连·金州·七顶山,1-3年,硕士,立即投递收藏
智联,计算机,计算机类督导,4000-5000元,唐山·曹妃甸区·十里海养殖场,1-3年,本科,立即投递收藏
智联,计算机,中职计算机班主任,4000-8000元·13薪,呼和浩特·土左旗·台阁牧,经验不限,大专,立即投递收藏
智联,计算机,计算机科学与技术系教师,8000-12000元·14薪,北京·延庆·康庄,经验不限,硕士,立即投递收藏
智联,计算机,加固计算机硬件工程师,8000-12000元,成都·青羊·文家,1-3年,本科,立即投递收藏
智联,计算机,专升本计算机老师,0-100000元,太原·万柏林·神堂沟,1-3年,硕士,立即投递收藏
智联,计算机,呼市、乌兰察布地区销售经理（恒鼎计算机）,5000-10000元,呼和浩特·赛罕,1-3年,本科,立即投递收藏
智联,计算机,计算机网络技术,6000-8000元,南京·六合·龙池,经验不限,本科,立即投递收藏
智联,计算机,客户经理——计算机转岗，【底薪7000】,1.3-1.5万,北京·顺义·空港,1-3年,大专,立即投递收藏
智联,计算机,信息化实施工程师（计算机相关专业）,1.5-3万,德州·禹城市·市中街道,1-3年,大专,立即投递收藏
智联,计算机,计算机及办公设备运维工程师,3000-5000元,韶关·浈江区·东河街道,1-3年,学历不限,立即投递收藏
智联,计算机,工业计算机销售工程师（高提成）,8000-15000元·13薪,北京·海淀·上地,经验不限,大专,立即投递收藏
智联,计算机,计算机维护工程师,4000-6000元,呼和浩特·新城,经验不限,大专,立即投递收藏
智联,计算机,实习生-计算机相关专业,150-200元/天,上海·杨浦·江浦路,经验不限,大专,立即投递收藏
智联,计算机,高中A-Level/AP 计算机教师,1.2-2.4万,杭州·临平·南苑,1-3年,硕士,立即投递收藏
智联,计算机,（双休）IT技术支持计算机,8000-9000元·13薪,乌鲁木齐·新市区,经验不限,高中,立即投递收藏
智联,计算机,计算机管理员,1000-2000元,杭州·萧山·宁围,1-3年,大专,立即投递收藏
智联,计算机,计算机运维技术,4000-8000元,泸州·江阳区·大山坪街道,1-3年,本科,立即投递收藏
智联,计算机,A-level专职计算机老师,8000-15000元,青岛·市南·香港中路,经验不限,硕士,立即投递收藏
智联,计算机,计算机教师,1.2-1.8万,北京·昌平,经验不限,硕士,立即投递收藏
智联,计算机,计算机网络管理员-6个月临时岗位,4000-5000元,合肥·瑶海·长淮,1-3年,大专,立即投递收藏
智联,计算机,计算机教师,3000-4000元,哈尔滨·香坊·朝阳,经验不限,本科,立即投递收藏
智联,计算机,计算机网络工程师,6000-7000元,贵阳·乌当·高新路,3-5年,本科,立即投递收藏
智联,计算机,车险-核保实习生（计算机类）,120-140元/天,北京·西城·陶然亭,经验不限,本科,立即投递收藏
智联,计算机,工程师(机电，通风，采矿，计算机),5000-10000元,临汾·尧都区·车站街街道,3-5年,大专,立即投递收藏
智联,计算机,AP计算机科学老师,1.3-2.6万,廊坊·永清县·曹家务乡,1-3年,本科,立即投递收藏
智联,计算机,计算机管培生(J11458),6000-9000元,南京·建邺·沙洲,经验不限,本科,立即投递收藏
智联,计算机,呼和浩特地区渠道经理（恒鼎计算机）,4000-8000元,呼和浩特·赛罕,经验不限,大专,立即投递收藏
智联,计算机,高中计算机教师【基石中学】,5000-8000元,郑州·二七区·马寨,经验不限,本科,立即投递收藏
智联,计算机,计算机编程前端开发工程师,4000-6000元,濮阳·华龙区·中原路街道,1-3年,本科,立即投递收藏
智联,计算机,计算机产品经理,1.4-2.3万·14薪,深圳·南山·桃源,5-10年,本科,立即投递收藏
智联,计算机,计算机硬件维护工程师,6000-10000元,呼和浩特·新城·东街,1-3年,大专,立即投递收藏
智联,计算机,销售经理/.业务经理（计算机相关专业优先）,5000-10000元,合肥·蜀山·海恒社区,经验不限,大专,立即投递收藏
智联,计算机,计算机销售代表,8000-12000元,苏州·姑苏·苏锦,1年以下,大专,立即投递收藏
智联,计算机,计算机专职教师,6000-8000元,兰州·皋兰县·西岔镇,经验不限,硕士,立即投递收藏
智联,计算机,计算机硬件维护工程师,5000-7000元,揭阳·揭阳·葵潭镇,经验不限,学历不限,立即投递收藏
智联,计算机,计算机网络管理员,8000-9000元,深圳·龙岗·坂田,1-3年,大专,立即投递收藏
智联,计算机,安全保密管理员/计算机管理员/安全审计员,8000-10000元·13薪,北京·海淀·曙光,1-3年,大专,立即投递收藏
智联,计算机,计算机销售,1.2-1.5万,北京·昌平·回龙观,1-3年,大专,立即投递收藏
智联,计算机,计算机网络人员,7000-9000元,郑州·管城·西大街,1-3年,本科,立即投递收藏
智联,计算机,408计算机兼职教师,1-1.5万,沈阳·皇姑·北塔,1-3年,硕士,立即投递收藏
智联,计算机,计算机二级讲师,1.2-2万,北京·朝阳,1-3年,本科,立即投递收藏
智联,计算机,项目实施计算机视觉工程师（OSMOCV平台）,1.5-2.5万,合肥·蜀山·海恒社区,3-5年,本科,立即投递收藏
智联,计算机,计算机硬件工程师,5000-10000元,济南·市中·白马山,3-5年,学历不限,立即投递收藏
智联,计算机,计算机技术与软件专业技术资格（中级、高级）,8000-10000元,哈尔滨·香坊·安乐,5-10年,本科,立即投递收藏
智联,计算机,计算机管理员/网络运维,4000-6000元,天津·西青·精武镇,3-5年,本科,立即投递收藏
智联,计算机,计算机硬件工程师,7000-9000元·13薪,郑州·金水·祭城路,经验不限,大专,立即投递收藏
智联,计算机,计算机及办公设备维护技术员；文员,4000-5000元,四平·铁东区·平南街道,1-3年,中专/中技,立即投递收藏
智联,计算机,实习生（计算机/软件专业）,1000-2000元,天津·西青·精武镇,经验不限,本科,立即投递收藏
智联,计算机,计算机网络管理专员,1-1.2万,上海·闵行·颛桥,1-3年,本科,立即投递收藏
智联,计算机,计算机辅助设计编程（数控编程）,5000-9000元,杭州·萧山·新塘,1-3年,高中,立即投递收藏
智联,计算机,AI 运营专员(计算机专业）,8000-15000元,北京·怀柔,经验不限,本科,立即投递收藏
智联,计算机,项目经理（计算机产品方向）,1.3-2.5万,长沙·开福·青竹湖,3-5年,本科,立即投递收藏
智联,计算机,计算机网络工程师,7000-12000元·13薪,长沙·开福·通泰街,1-3年,大专,立即投递收藏
智联,计算机,计算机销售-大客户经理,1.5-3万,杭州·西湖·翠苑,1-3年,大专,立即投递收藏
智联,计算机,计算机类教师（工作地点泾阳校区）-高校教资优先 待遇可谈,5000-8000元,西安·长安·黄良,经验不限,硕士,立即投递收藏
智联,计算机,电话销售 计算机自动化相关产品销售 有提成 双休,100-180元/天,石家庄·长安·河东,经验不限,本科,立即投递收藏
智联,计算机,计算机编程人员（AI智能体开发工程师）,7000-10000元,潍坊·奎文·新城,1-3年,大专,立即投递收藏
智联,计算机,计算机运维,1-1.5万,珠海·香洲区·前山街道,3-5年,本科,立即投递收藏
智联,计算机,技术开发专员（计算机硬件方向）(J13402),9000-14000元·15薪,厦门·海沧,经验不限,本科,立即投递收藏
智联,计算机,计算机应用技术专业教师,9000-15000元,上海·闵行·吴泾,经验不限,硕士,立即投递收藏
智联,计算机,计算机科学教师,1-1.5万,北京·昌平,经验不限,硕士,立即投递收藏
智联,计算机,计算机服务器销售,6000-12000元,北京·海淀·万寿路,1-3年,大专,立即投递收藏
智联,计算机,IT运维专员（计算机维护方向）,4000-7000元,天津·津南·咸水沽,经验不限,大专,立即投递收藏
智联,计算机,计算机网络管理员,3000-6000元,济南·济阳·回河,1-3年,本科,立即投递收藏
智联,计算机,计算机软件领域专利代理师 （软件与算法方向）,6000-12000元·13薪,厦门·湖里·禾山,1-3年,本科,立即投递收藏
智联,计算机,初中IBMYP计算机教师,1.2-2.4万,杭州·临平·南苑,1-3年,本科,立即投递收藏
智联,计算机,计算机安全管理员,7000-10000元,北京·海淀,经验不限,大专,立即投递收藏
智联,计算机,计算机网络管理员,4000-6000元,长沙·宁乡·双江口,1-3年,大专,立即投递收藏
智联,计算机,计算机网络技术管培生,1-1.5万,苏州·昆山·玉山,3-5年,硕士,立即投递收藏
智联,计算机,计算机专员,1.1-1.3万·13薪,长沙·天心·泉塘,经验不限,中专/中技,立即投递收藏
智联,计算机,计算机硬件维护工程师,5000-8000元,济南·历下·智远,3-5年,大专,立即投递收藏
智联,计算机,审计、会计、评估、销售、计算机、大数据人才,4000-8000元,黄冈·黄州区·路口镇,经验不限,本科,立即投递收藏
智联,计算机,计算机技术员,4000-6000元,昆明·呈贡·吴家营,1-3年,本科,立即投递收藏
智联,计算机,计算机教师（自动化）,5000-8000元,昆明·嵩明·杨林,1-3年,硕士,立即投递收藏
智联,计算机,计算机系统管理员（非应届，13薪，早九晚六）,6000-8000元·13薪,广州·番禺·洛浦,1-3年,本科,立即投递收藏
智联,计算机,计算机网络工程师,7000-12000元·13薪,南昌·西湖·西湖街,1-3年,大专,立即投递收藏
智联,计算机,python全栈工程师,1.6-3万,北京·海淀·马连洼,1-3年,本科,立即投递收藏
智联,计算机,销售经理（呼市、鄂尔多斯、呼伦贝尔-恒鼎计算机）,5000-10000元,呼和浩特·赛罕·敕勒川路,1-3年,本科,立即投递收藏
智联,计算机,计算机技术支持工程师,9000-12000元,福州·马尾·鳌峰,经验不限,高中,立即投递收藏
智联,计算机,计算机产品经理,1.4-2.3万·14薪,武汉,5-10年,本科,立即投递收藏
智联,计算机,专利代理人（机械、电气、化工、计算机、通信专业）,4000-8000元,开封·龙亭区,经验不限,本科,立即投递收藏
智联,计算机,计算机网络管理员,8000-10000元,哈尔滨·南岗·保健路,经验不限,大专,立即投递收藏
智联,计算机,计算机维修驻场工程师,5000-8000元,上海·浦东·周浦,1-3年,中专/中技,立即投递收藏
智联,计算机,电子信息，通信工程，计算机专业工程师,5000-10000元,石家庄·鹿泉·获鹿,经验不限,本科,立即投递收藏
智联,计算机,计算机视觉算法工程师,1-2万,咸阳·秦都区·上林街道,经验不限,硕士,立即投递收藏
智联,计算机,苏州电力通信及计算机运维工程师,5000-6000元,苏州·相城·元和,经验不限,大专,立即投递收藏
智联,计算机,计算机辅助设备管理员,7000-8000元,南京·玄武·新街口,经验不限,本科,立即投递收藏
智联,计算机,高校计算机教师,4000-6000元,大连·旅顺口·旅顺经开区,经验不限,硕士,立即投递收藏
智联,计算机,专升本讲师（英语/语文/高数/计算机学科）,7000-14000元,成都·成华·二仙桥,1-3年,本科,立即投递收藏
智联,计算机,计算机/人工智能老师,6000-12000元,绍兴·越城区·斗门街道,1-3年,本科,立即投递收藏
智联,计算机,计算机软件工程师,8000-16000元,沈阳·和平·南湖,1-3年,本科,立即投递收藏
智联,计算机,城市轨道交通系统研发与设计（云平台安全计算机技术方向-南京）,2.5-5万,南京·江宁·秣陵,5-10年,本科,立即投递收藏
智联,计算机,高级python爬虫工程师,7000-10000元,石家庄·裕华·太行,3-5年,本科,立即投递收藏
智联,计算机,计算机系统运维工程师,1.1-1.3万·13薪,长春·南关·曙光,3-5年,大专,立即投递收藏
智联,计算机,计算机视觉异常行为检测实习生,150-200元/天,上海·松江·佘山,经验不限,硕士,立即投递收藏
智联,计算机,计算机渠道销售经理,8000-15000元,哈尔滨·南岗·燎原,1-3年,大专,立即投递收藏
智联,计算机,2026校招-计算机、大数据类,1-1.3万,青岛·即墨·龙泉,经验不限,本科,立即投递收藏
智联,计算机,计算机网络技术工程师,6000-12000元,福州·闽侯·荆溪,经验不限,大专,立即投递收藏
智联,计算机,计算机安全管理网络安全管理（军密、集成、涉密）,1.4-2.8万,北京·天桥,3-5年,大专,立即投递收藏
智联,计算机,计算机编辑,5000-8000元,石家庄·新华·天苑,经验不限,本科,立即投递收藏
智联,计算机,复合型外语专任教师（计算机/新媒体/康复管理）,6000-9000元,成都·都江堰·青城山,经验不限,硕士,立即投递收藏
智联,计算机,基础研究工程师（计算机、AI智能等相关专业）,1.2-2.4万,长沙·岳麓·岳麓街道,经验不限,硕士,立即投递收藏
智联,计算机,AI 开发工程师,1.3-2万,上海·闵行·浦江,1-3年,本科,立即投递收藏
智联,计算机,计算机IT技术支持（包吃+五险）,1.1-1.4万·13薪,杭州·建德·乾潭,经验不限,中专/中技,立即投递收藏
智联,计算机,计算机维护工程师,3000-5000元,哈尔滨·南岗·燎原,1-3年,大专,立即投递收藏
智联,计算机,2026应届毕业生（管理类、计算机类）,5000-9000元,哈尔滨·香坊·安乐,经验不限,本科,立即投递收藏
智联,计算机,加固计算机结构工程师,1.3-2万,北京·石景山·古城,3-5年,本科,立即投递收藏
智联,计算机,计算机服务器销售,6000-12000元,深圳·福田·福保,1-3年,大专,立即投递收藏
智联,计算机,AI方向硕士应届毕业生招聘（计算机专业优先）,8000-10000元,武汉·洪山·关山,经验不限,硕士,立即投递收藏
智联,计算机,计算机硬件维护工程师,9000-11000元,广州·天河·五山,1-3年,大专,立即投递收藏
智联,计算机,计算机视觉研究员,2.5-3万,北京·朝阳·亚运村,经验不限,博士,立即投递收藏
智联,计算机,古腾堡英才学院学业导师（机电/计算机方向）,7000-10000元,青岛·城阳·惜福,3-5年,硕士,立即投递收藏
智联,计算机,计算机存储，数通,8000-10000元,南京·建邺·沙洲,1-3年,大专,立即投递收藏
智联,计算机,双语计算机科学老师,6000-8000元,长春·南关·新立城,1-3年,硕士,立即投递收藏
智联,计算机,计算机化系统主管/经理(J13264),1.5-2.8万·14薪,成都·双流·黄甲,3-5年,本科,立即投递收藏
智联,计算机,计算机/人工智能老师（兼职）,8000-16000元,福州·仓山·城门,1-3年,本科,立即投递收藏
智联,计算机,ERP管理员/计算机管理员,7000-9000元,深圳·南山·粤海,1-3年,大专,立即投递收藏
智联,计算机,计算机管理员,5000-7000元,济南·天桥·桑梓店,经验不限,大专,立即投递收藏
智联,计算机,数字孪生研发实习岗（计算机相关专业）,100-130元/天,天津·南开·学府,经验不限,硕士,立即投递收藏
智联,计算机,计算机网络工程师,6000-8000元,潍坊·高密·朝阳,1-3年,本科,立即投递收藏
智联,计算机,计算机硬件网络维护工程师（应届或实习生）,120-200元/天,北京·昌平·霍营,经验不限,本科,立即投递收藏
智联,计算机,售前支持计算机专业6K+五险住宿,6000-8000元,济南·历下·智远,1-3年,本科,立即投递收藏
智联,计算机,计算机硬件维护工程师和销售主管,4000-5000元,洛阳·涧西·瀛洲,1-3年,学历不限,立即投递收藏
智联,计算机,计算机视觉工程师,2-3.5万,上海·浦东·宣桥,3-5年,本科,立即投递收藏
智联,计算机,计算机 信息化 新媒体相关专员,6000-9000元,乌鲁木齐·新市区·二工乡,1-3年,大专,立即投递收藏
智联,计算机,实习生专利-机械电学计算机等领域,160-170元/天,北京·海淀·中关村,经验不限,本科,立即投递收藏
智联,计算机,计算机管理员/网络运维,4000-5000元,沈阳·沈北·正良,3-5年,大专,立即投递收藏
智联,计算机,双语计算机科学与技术老师,1.2-1.5万,成都·双流·华阳,1-3年,本科,立即投递收藏
智联,计算机,计算机网络工程师,6000-8000元,郑州·金水·祭城路,经验不限,大专,立即投递收藏
智联,计算机,工业/加固计算机销售代表（底薪+高提成）,6000-12000元,北京·昌平·史各庄,经验不限,大专,立即投递收藏
智联,计算机,计算机视觉算法（文字、人脸、音视频）,2-4万,武汉·洪山·关山,1-3年,硕士,立即投递收藏
智联,计算机,感知与计算机视觉算法工程师,1-2万,济南·天桥·堤口路,3-5年,硕士,立即投递收藏
智联,计算机,数据分析师【本科+英语四级+计算机相关专业|享高奢公费探店】,5000-6000元,天津·南开·体育中心,经验不限,本科,立即投递收藏
智联,计算机,计算机验证工程师,6000-8000元,广州·黄埔·九佛,3-5年,大专,立即投递收藏
智联,计算机,计算机产品渠道销售,5000-10000元,长春·宽城·南广,1-3年,高中,立即投递收藏
智联,计算机,双休-售前技术支持（计算机系统集成）,5000-10000元,成都·锦江·成龙路,1-3年,大专,立即投递收藏
智联,计算机,双语计算机/人工智能老师（全职/兼职）,6000-12000元,合肥·蜀山·小庙,1-3年,本科,立即投递收藏
智联,计算机,计算机辅助药物设计,2.5-5万,北京·昌平·南邵,1-3年,博士,立即投递收藏
智联,计算机,计算机软件技术人员,3000-6000元,石家庄·桥西·西里,1-3年,大专,立即投递收藏
智联,计算机,计算机视觉工程师,8000-12000元,长春·绿园·富民,3-5年,本科,立即投递收藏
智联,计算机,计算机二级教师（实习教师）,100-200元/天,沈阳·沈河·五里河,经验不限,本科,立即投递收藏
智联,计算机,计算机软件工程师,1.5-2.5万·13薪,长沙·长沙·星沙,3-5年,本科,立即投递收藏
智联,计算机,计算机技术员,3000-6000元,昆明·呈贡·吴家营,经验不限,本科,立即投递收藏
智联,计算机,计算机图书加工编辑,4000-8000元,石家庄·长安·谈固,1-3年,本科,立即投递收藏
智联,计算机,信息技术 / 通信 / 计算机 / 物联网技术人员,5000-10000元,长沙·长沙·黄兴,经验不限,本科,立即投递收藏
智联,计算机,项目经理（计算机产品方向）,1.3-2.5万·13薪,长沙·开福·青竹湖,3-5年,本科,立即投递收藏
智联,计算机,计算机专业教师,6000-12000元,北京·海淀,经验不限,硕士,立即投递收藏
智联,计算机,国际高中部-AP计算机老师,1.2-1.7万,成都·郫都·犀浦,3-5年,本科,立即投递收藏
智联,计算机,计算机类专业 教师（网络安全）,7000-12000元,上海·闵行·吴泾,经验不限,硕士,立即投递收藏
智联,计算机,计算机软件工程师,6000-12000元,温州·乐清市·盐盆街道,1-3年,本科,立即投递收藏
智联,计算机,专业技术人员（计算机软件工程技术人员）,面议,武汉·硚口·汉水桥,经验不限,硕士,立即投递收藏
智联,计算机,高级计算机硬件销售,1.2-1.6万·13薪,成都·锦江·东湖,3-5年,大专,立即投递收藏
智联,计算机,计算机管理员,5000-6000元,青岛·崂山·中韩,5-10年,中专/中技,立即投递收藏
智联,计算机,监理员：建筑、机电、电气、暖通、网络、计算机等会专业,8000-10000元,海口·龙华·金贸,1年以下,本科,立即投递收藏
智联,计算机,双休五险计算机编辑,6000-10000元,石家庄·新华·天苑,1年以下,本科,立即投递收藏
智联,计算机,工艺工程师（工业或加固计算机优先）,9000-15000元·13薪,北京·昌平·史各庄,1-3年,大专,立即投递收藏
智联,计算机,计算机科学学院院长,1-1.1万,哈尔滨·宾县·宾州,10年以上,本科,立即投递收藏
智联,计算机,双语计算机老师,1-1.5万,合肥·蜀山·小庙,1-3年,本科,立即投递收藏
智联,计算机,计算机性能调优专家,2.6-4万·15薪,深圳·南山·粤海,经验不限,博士,立即投递收藏
智联,计算机,计算机视觉研究员,1.5-3万,北京·大兴·博兴,经验不限,硕士,立即投递收藏
智联,计算机,计算机保密管理员,5000-7000元,成都·新都·石板滩,1-3年,本科,立即投递收藏
智联,计算机,计算机应用技术专业教师,1.1-2万,上海·嘉定·外冈,经验不限,硕士,立即投递收藏
智联,计算机,考研计算机408教师（兼职）,140-220元/时,天津·和平·五大道,1-3年,硕士,立即投递收藏
智联,计算机,新媒体运营专员（计算机方向）,4000-8000元,苏州·姑苏·苏锦,经验不限,大专,立即投递收藏
智联,计算机,计算机视觉开发工程师（机器人方向）,2-4万,武汉·洪山·九峰,1-3年,硕士,立即投递收藏
智联,计算机,计算机博士,1.5-3万·13薪,厦门·集美·后溪,经验不限,硕士,立即投递收藏
智联,计算机,计算机网络管理员,9000-12000元,成都·武侯·望江路,1-3年,大专,立即投递收藏
智联,计算机,计算机辅助药物设计研究员,8000-16000元,南京·栖霞·仙林,经验不限,硕士,立即投递收藏
智联,计算机,计算机信息技术专员,3000-5000元,潍坊·奎文·新城,经验不限,大专,立即投递收藏
智联,计算机,计算机科学与技术工程师,1-1.2万·14薪,常州·天宁·郑陆,1-3年,本科,立即投递收藏
智联,计算机,科研项目管理（计算机科学、人工智能方向）,2-3万·15薪,北京·海淀,3-5年,硕士,立即投递收藏
智联,计算机,计算机技术支持,4000-5000元·13薪,威海·文登区·鲸园街道,经验不限,中专/中技,立即投递收藏
智联,计算机,图书编辑—应用统计学、计算机类、大数据挖掘类、资源能源类、工程管理类、图书情报学等专业编辑,面议,石家庄·裕华·建华南,经验不限,硕士,立即投递收藏
智联,计算机,计算机管理员，,5000-6000元,青岛·城阳·流亭,5-10年,高中,立即投递收藏
智联,计算机,技术主管（加固计算机）,1.8-2.5万·13薪,长沙·岳麓·麓谷,5-10年,本科,立即投递收藏
智联,计算机,C++ 开发工程师（3D / 计算机视觉方向）,8000-15000元,哈尔滨·南岗·曲线,1-3年,本科,立即投递收藏
智联,计算机,计算机视觉算法工程师,1-2万·14薪,苏州·常熟·碧溪,3-5年,本科,立即投递收藏
智联,计算机,计算机安全管理员,5000-7000元,成都·金牛·营门口,3-5年,大专,立即投递收藏
智联,计算机,计算机视觉算法工程师,1.8-2.5万,徐州·铜山区·新区街道,3-5年,硕士,立即投递收藏
智联,计算机,个性化服务部高中数学/物理/经济/化学/计算机培训老师,1-2万,武汉·硚口·韩家墩,1-3年,本科,立即投递收藏
智联,计算机,Python实习讲师,4000-8000元,沈阳·沈河·五里河,经验不限,本科,立即投递收藏
智联,计算机,计算机硬件销售经理,8000-16000元,上海·徐汇·徐家汇,经验不限,高中,立即投递收藏
智联,计算机,中控室计算机操作员,4000-5000元,青岛·城阳·流亭,经验不限,大专,立即投递收藏
智联,计算机,计算机视觉工程师（OA项目）,2-2.5万,苏州·虎丘·通安,1-3年,大专,立即投递收藏
智联,计算机,综合实习生（计算机专业）,100-120元/天,北京·丰台·六里桥,经验不限,本科,立即投递收藏
智联,计算机,计算机科学与技术专业教师,1.2-2.4万·13薪,武汉·洪山·张家湾,经验不限,博士,立即投递收藏
智联,计算机,计算机硬件设备销售经理,4000-8000元,郑州·中原·石佛,1-3年,学历不限,立即投递收藏
智联,计算机,计算机辅助设计师,7000-11000元,深圳·龙岗·宝龙,1-3年,本科,立即投递收藏
智联,计算机,运维工程师（计算机、弱电智能化、会议视频）,5000-8000元,南京·江宁·淳化,1-3年,中专/中技,立即投递收藏
智联,计算机,计算机管理（系统管理）,8000-10000元·13薪,西安·灞桥·十里铺,经验不限,中专/中技,立即投递收藏
智联,计算机,计算机销售大客户经理&渠道销售,1.5-1.6万·13薪,杭州·西湖·翠苑,1-3年,大专,立即投递收藏
智联,计算机,保密办计算机安全审计员,8000-12000元,北京·海淀·紫竹院,1-3年,本科,立即投递收藏
智联,计算机,计算机通信系统集成工程师,1.5-2.8万,苏州·相城·北河泾,5-10年,本科,立即投递收藏
智联,计算机,计算机老师(数据分析方向·提供系统培训),8000-13000元,广州·海珠·新港,1-3年,本科,立即投递收藏
智联,计算机,计算机系统工程师,6000-8000元,郑州·中原·沟赵,3-5年,本科,立即投递收藏
智联,计算机,计算机专业工程师,1.5-2.5万,武汉·江岸,1-3年,本科,立即投递收藏
智联,计算机,【专科起投】计算机行业转行的快来,9000-12000元,武汉·洪山·关山,经验不限,大专,立即投递收藏
智联,计算机,计算机专业类图书策划编辑（博文视点）,8000-12000元,北京·丰台·六里桥,1-3年,本科,立即投递收藏
智联,计算机,临沂沂河新区统计员/数据分析/财务管理/会计/计算机,3000-4000元,临沂·河东·芝麻墩,经验不限,本科,立即投递收藏
智联,计算机,实习生（计算机/软件/电子信息方向）,70-140元/天,广州·南沙·珠江,经验不限,本科,立即投递收藏
智联,计算机,高中AP/A-Level计算机教师（北京校区）,1.8-2.5万,北京·海淀·八里庄,1-3年,硕士,立即投递收藏
智联,计算机,计算机硬件维护工程师,5000-6000元,郑州·金水·北林路,1-3年,本科,立即投递收藏
智联,计算机,珠海计算机IT桌面运维技术支持（市局）,4000-6000元,珠海·香洲区·梅华街道,1-3年,大专,立即投递收藏
智联,计算机,计算机网络工程师,5000-8000元,宜昌·西陵区·西陵街道,经验不限,本科,立即投递收藏
智联,计算机,项目经理（计算机软件专业),9000-18000元,无锡·惠山·前洲,3-5年,大专,立即投递收藏
智联,计算机,计算机、芯片、通信领域专利代理师,1.8-2.5万,无锡·滨湖·太湖,3-5年,本科,立即投递收藏
智联,计算机,Alevel计算机教师-光华剑桥,1.1-2万·13薪,上海·浦东·康桥,经验不限,本科,立即投递收藏
智联,计算机,办公室实习生（计算机方向）-济南,100-150元/天,济南·槐荫,经验不限,本科,立即投递收藏
智联,计算机,数字化审计 计算机和财审复合背景优先,7000-14000元,合肥·蜀山·荷叶地,1-3年,本科,立即投递收藏
智联,计算机,计算机硬件销售,8000-10000元·13薪,成都·锦江·东湖,1-3年,大专,立即投递收藏
智联,计算机,电话销售 电子产品销售 计算机相关专业 本科 双休,9000-18000元,石家庄·长安·河东,经验不限,本科,立即投递收藏
智联,计算机,计算机辅助抗体设计工程师,2-4万,深圳·宝安·西乡,经验不限,硕士,立即投递收藏
智联,计算机,专业技术人员(计算机软件工程技术人员),面议,武汉·硚口·汉水桥,1-3年,博士,立即投递收藏
智联,计算机,计算机辅助药物设计（AIDD/CADD）,8000-13000元,南京·秦淮·光华路,经验不限,硕士,立即投递收藏
智联,计算机,小学讲师-AI课程产品架构师（计算机/人工智能背景）,4000-6000元,济南·历城·东风,经验不限,本科,立即投递收藏
智联,计算机,计算机视觉算法工程师,1.5-3万,北京·丰台·看丹,3-5年,本科,立即投递收藏
智联,计算机,算法工程师（集团总部计算机视觉）,1.5-2.5万,福州·马尾·马尾,经验不限,硕士,立即投递收藏
智联,计算机,水电计算机监控系统实施工程师,8000-15000元·13薪,北京·昌平·北七家,3-5年,本科,立即投递收藏
智联,计算机,资深专利代理师（计算机方向）,1.3-2.5万,厦门·集美·后溪,3-5年,本科,立即投递收藏
智联,计算机,工业计算机、特种计算机结构设计工程师,1-1.5万·13薪,北京·昌平·史各庄,3-5年,大专,立即投递收藏
智联,计算机,计算机销售经理,7000-9000元,济南·历下·舜华路,3-5年,大专,立即投递收藏
智联,计算机,实习生-技术运维（计算机相关专业）,110-120元/天,北京·石景山·八宝山,经验不限,硕士,立即投递收藏
智联,计算机,计算机安全管理员,8000-16000元,北京·东城·和平里,经验不限,本科,立即投递收藏
智联,计算机,摄影测量、计算机视觉、点云算法工程师,2-4万,成都·武侯·桂溪,1-3年,本科,立即投递收藏
智联,计算机,计算机网络工程师（带实习生）,3000-6000元,沈阳·和平·浑河湾,1-3年,大专,立即投递收藏
智联,计算机,计算机网络管理员,4000-5000元,南京·六合·大厂,经验不限,本科,立即投递收藏
智联,计算机,跟单督导（计算机硬件销售行业）,8000-16000元·15薪,深圳·福田·华强北,1-3年,大专,立即投递收藏
智联,计算机,计算机运维工程师,6000-8000元,广州·黄埔·龙湖,3-5年,大专,立即投递收藏
智联,计算机,计算机图像科学工程师,2-4万,北京·朝阳,5-10年,硕士,立即投递收藏
智联,计算机,计算机视觉算法实习生,150-200元/天,西安·未央·三桥,经验不限,本科,立即投递收藏
智联,计算机,计算机科学教师,1.3-1.8万·13薪,北京·昌平,经验不限,硕士,立即投递收藏
智联,计算机,管培生（AI/计算机/生物医药）,1.2-2.4万,北京·大兴,经验不限,本科,立即投递收藏
智联,计算机,急聘普工/操作工,3000-5000元,北京·通州·西集,经验不限,大专,立即投递收藏
智联,计算机,计算机系统工程师（硬件）,1.5-3万,上海·闵行·浦江,5-10年,本科,立即投递收藏
智联,计算机,计算机视觉算法工程师,2-4万,北京·丰台·马家堡,3-5年,本科,立即投递收藏
智联,计算机,计算机排版实习生,4000-8000元,北京·昌平,经验不限,学历不限,立即投递收藏
智联,计算机,国际课程计算机老师,1-2万,北京·海淀·青龙桥,经验不限,硕士,立即投递收藏
智联,计算机,数字化审计 计算机和财审复合背景优先,7000-14000元,合肥·包河·包公,1-3年,本科,立即投递收藏
智联,计算机,计算机视觉工程师(J13323),1.5-3万,苏州·工业园区,1-3年,硕士,立即投递收藏
智联,计算机,计算机周边产品经理-跨境电商方向,1-2万,深圳·龙华·龙华,3-5年,本科,立即投递收藏
智联,计算机,武汉考研班主任（计算机、教育学）双休,6000-10000元,武汉·洪山·关山,经验不限,硕士,立即投递收藏
智联,计算机,高中计算机教师（IBDP）,1.5-2.5万,北京·昌平·城南,5-10年,硕士,立即投递收藏
智联,计算机,计算机视觉（CV）算法工程师招聘,1.5-2.5万,北京·丰台·看丹,经验不限,硕士,立即投递收藏
智联,计算机,计算机运维工程师,6000-12000元,北京·海淀·中关村,1-3年,本科,立即投递收藏
智联,计算机,计算机类专业（应届硕士-可解决京户 ）,7000-8000元,北京·朝阳·和平街,经验不限,硕士,立即投递收藏
智联,计算机,项目运维工程师（持计算机硬件工程师中级证书）,1.2-1.4万,北京·朝阳,5-10年,本科,立即投递收藏
智联,计算机,计算机中心网络工程师,1.5-2.5万,上海·浦东·张江,经验不限,硕士,立即投递收藏
智联,计算机,计算机领域论文辅导老师,2-2.1万,成都·新都·新都街道,经验不限,硕士,立即投递收藏
智联,计算机,ai算法工程师（多模态与计算机视觉方向）,1.6-3万,沈阳·浑南·五三,1-3年,本科,立即投递收藏
智联,计算机,计算机视觉算法工程师,2.1-4万,北京·朝阳,5-10年,硕士,立即投递收藏
智联,计算机,星载AI计算机研发工程师,1.5-3万,南通·崇川·新开,1-3年,博士,立即投递收藏
智联,计算机,计算机算法工程师,1.5-2.2万,深圳·龙华·福城,1-3年,本科,立即投递收藏
智联,计算机,计算机硬件工人,4000-6000元,北京·通州·马驹桥,经验不限,中专/中技,立即投递收藏
智联,计算机,工业计算机电气工程师,1-1.5万·13薪,北京·昌平·史各庄,1-3年,大专,立即投递收藏
智联,计算机,计算机部署运维专员,4000-6000元,成都·金牛·金泉,经验不限,大专,立即投递收藏
智联,计算机,计算机技术支持工程师,3000-6000元,沈阳·沈河·朱剪炉,1-3年,大专,立即投递收藏
智联,计算机,产品研发工程师（计算机行业）,4000-7000元,长春·朝阳,1-3年,本科,立即投递收藏
智联,计算机,计算机类专利代理师,8000-16000元,沈阳·和平·南湖,经验不限,本科,立即投递收藏
智联,计算机,算法工程师 （计算机视觉方向）,1.5-3万,沈阳·浑南·桃仙,3-5年,硕士,立即投递收藏
智联,计算机,计算机视觉工程师(J13323),1.5-3万,天津·和平·小白楼,1-3年,硕士,立即投递收藏
智联,计算机,计算机专业教师（博士）,8000-10000元,保定·南大园,经验不限,博士,立即投递收藏
智联,计算机,计算机图书编辑（计算机软件相关专业）,1.2-1.8万·13薪,北京·海淀·北下关,经验不限,硕士,立即投递收藏
智联,计算机,CSV工程师/经理（计算机化系统验证）(J10459),1-2万,宜春·奉新县·宋埠镇,5-10年,大专,立即投递收藏
智联,计算机,计算机化-系统验证工程师,1-2万,上海·宝山·杨行,1-3年,本科,立即投递收藏
智联,计算机,国产化计算机渠道销售,4000-8000元,哈尔滨·道外·黎华,经验不限,大专,立即投递收藏
智联,计算机,仪器仪表配套安卓手机Android及计算机WinDows软件设计工程师,1.3-1.8万·13薪,北京·门头沟,3-5年,本科,立即投递收藏
智联,计算机,计算机网络管理员,1.1-1.3万,成都·武侯·桂溪,1-3年,大专,立即投递收藏
智联,计算机,计算机网络运维工程师,7000-10000元,武汉·江岸,1-3年,大专,立即投递收藏
智联,计算机,计算机硬件工程师 4K-8K,4000-8000元·13薪,西安·雁塔·杜城,经验不限,大专,立即投递收藏
智联,计算机,算法开发工程师（计算机视觉方向）,1.5-3万,杭州·拱墅·祥符,1-3年,本科,立即投递收藏
智联,计算机,计算机信息系统集成大客户经理,1-1.5万·13薪,武汉·洪山·关山,5-10年,本科,立即投递收藏
智联,计算机,计算机图形学算法工程师,1.5-2万,长春·高新区·东广,经验不限,硕士,立即投递收藏
智联,计算机,计算机直接制版操作工（CTP制版员）,4000-6000元,西安·未央·草滩,经验不限,学历不限,立即投递收藏
智联,计算机,计算机、物流管理、医疗器械仓储物流专员,5000-6000元,南京·高淳·古柏,3-5年,大专,立即投递收藏
智联,计算机,质量监督技术员（要求计算机专业）,7000-9000元,贵阳·花溪,1-3年,本科,立即投递收藏
智联,计算机,计算机硬件销售经理（深圳）,8000-12000元,深圳·南山·西丽,3-5年,高中,立即投递收藏
智联,计算机,计算机网络技术人员,4000-6000元,乌鲁木齐·天山区·幸福路街道,1-3年,本科,立即投递收藏
智联,计算机,计算机数值仿真工程师,8000-12000元,西安·灞桥·新筑,经验不限,硕士,立即投递收藏
智联,计算机,计算机辅助药物设计（CADD）工程师,7000-12000元,合肥·瑶海·七里塘,经验不限,硕士,立即投递收藏
智联,计算机,专利代理人（计算机相关）,4000-6000元,郑州·金水·丰产路,经验不限,本科,立即投递收藏
智联,计算机,计算机视觉算法工程师,2-3万,南京·江宁·麒麟,3-5年,硕士,立即投递收藏
智联,计算机,考研计算机408专业课教研员,2-2.5万,北京·海淀·海淀街道,经验不限,硕士,立即投递收藏
智联,计算机,计算机软件专业(VR 方向)实习生,2000-3000元,北京·海淀·海淀街道,经验不限,学历不限,立即投递收藏
智联,计算机,"专利代理师(电学,计算机,通信,微电子等)",1.1-2万·13薪,武汉·水果湖街,1-3年,本科,立即投递收藏
智联,计算机,计算机视觉/图像处理工程师,1.2-2万,苏州·工业园区,1-3年,本科,立即投递收藏
智联,计算机,计算机视觉工程师（CV方向）,2.4-4.5万·14薪,深圳·南山·桃源,经验不限,硕士,立即投递收藏
智联,计算机,计算机行业研究员,1-2万,北京·朝阳·双井,经验不限,本科,立即投递收藏
智联,计算机,专利代理师（电学、计算机、通信方向）,8000-16000元,扬州·邗江区·新盛街道,3-5年,本科,立即投递收藏
智联,计算机,供应链产品经理（计算机硬件行业老炮）,8000-16000元·14薪,深圳·福田·华强北,5-10年,大专,立即投递收藏
智联,计算机,计算机视觉工程师（传统CV + AI检测）,1.5-2万,北京·丰台·看丹,1-3年,本科,立即投递收藏
智联,计算机,专利代理人助理（电气、电力、控制工程、通信、电子、信息、光电、半导体、计算机）,5000-10000元,济南·历下·千佛山,经验不限,本科,立即投递收藏
智联,计算机,专利代理人（电学/通信/计算机/机械）,7000-14000元,天津·河东·春华,1-3年,本科,立即投递收藏
智联,计算机,计算机软件开发工程师,1.5-2.3万·15薪,南京·鼓楼·江东,1-3年,本科,立即投递收藏
智联,计算机,双语理科教师-数学/物理/计算机,1.5-2.5万,南京·秦淮·朝天宫,经验不限,硕士,立即投递收藏
智联,计算机,计算机硬件维护工程师,4000-5000元,苏州·昆山·周市,经验不限,中专/中技,立即投递收藏
智联,计算机,算法工程师（计算机视觉方向）,1.2-2万·13薪,西安·雁塔·漳浒寨,1-3年,硕士,立即投递收藏
智联,计算机,兼职学科老师（物理、化学、生物、计算机）,1.1-2万,成都·锦江·三圣,经验不限,硕士,立即投递收藏
智联,计算机,工程、计算机类 英文学术期刊助理编辑,7000-10000元,南京·浦口·泰山,经验不限,硕士,立即投递收藏
智联,计算机,实习生-综合管理、库房管理、计算机IT(J10041),100-110元/天,北京·大兴·青云店,经验不限,大专,立即投递收藏
智联,计算机,计算机软件开发工程师,6000-12000元,青岛·崂山·中韩,1-3年,本科,立即投递收藏
智联,计算机,专业技术人员（计算机软件工程技术人员）,面议,武汉·硚口·汉水桥,1-3年,博士,立即投递收藏
智联,计算机,AI人工智能、机器学习、数据挖掘方向计算机专业实习生,面议,北京·海淀·马连洼,经验不限,硕士,立即投递收藏
智联,计算机,Alevel/AP 化学、物理、生物、计算机、经济/时间自由/五险一金,1-2万,济南·市中·杆石桥,经验不限,本科,立即投递收藏
智联,计算机,计算机信息系统集成大客户经理,8000-12000元·13薪,济南·历城·唐冶,5-10年,本科,立即投递收藏
智联,计算机,物流及计算机仓储管理专员,4000-6000元,广州·南沙·榄核,1-3年,大专,立即投递收藏
智联,计算机,计算机专业-博士,2-2.5万,郑州·金水·杜岭,经验不限,博士,立即投递收藏
智联,计算机,"专利代理师(电学,计算机,通信,微电子等)",1.1-2万·13薪,合肥·蜀山·南岗,1-3年,本科,立即投递收藏
智联,计算机,计算机开发工程师,8000-15000元·13薪,长沙·岳麓·麓谷,1-3年,本科,立即投递收藏
智联,计算机,电气工程师（计算机专业）,6000-10000元·13薪,苏州·昆山·花桥,3-5年,大专,立即投递收藏
智联,计算机,计算机软件测试,8000-12000元·13薪,深圳·罗湖·南湖,1-3年,本科,立即投递收藏
智联,计算机,软件开发工程师（计算机/IT类专业）,7000-12000元·13薪,天津·北辰·宜兴埠,1-3年,本科,立即投递收藏
智联,计算机,工业计算机销售工程师（周末双休+五险一金）,5000-10000元·13薪,武汉·洪山·狮子山,1-3年,大专,立即投递收藏
智联,计算机,专利代理人（电学/通信/计算机/机械）,7000-14000元,济南·历下·舜华路,1-3年,本科,立即投递收藏
智联,计算机,计算机软件开发工程师,6000-12000元,大连·金州·董家沟,1-3年,本科,立即投递收藏
智联,计算机,售前技术支持（有中级计算机技术与软件专业技术资格证书）,8000-14000元,北京·海淀·马连洼,3-5年,本科,立即投递收藏
智联,计算机,宇瞻计算机硬件销售经理,8000-16000元,上海·徐汇·徐家汇,1-3年,中专/中技,立即投递收藏
智联,计算机,计算机硬件产品经理,2-4万,深圳·南山·粤海,5-10年,本科,立即投递收藏
智联,计算机,Alevel线上兼职（计算机/化学急聘）,250-300元/时,广州·越秀·人民街道,1-3年,EMBA,立即投递收藏
智联,计算机,计算机视觉产品经理,1.3-1.4万,北京·丰台·看丹,3-5年,本科,立即投递收藏
智联,计算机,上海分部--计算机编辑,1-1.2万·13薪,上海·普陀·真如,经验不限,硕士,立即投递收藏
智联,计算机,销售+底薪7K+计算机转岗,1.1-1.5万,北京·海淀·上地,经验不限,大专,立即投递收藏
智联,计算机,计算机信息软件博士管培生,9000-15000元,广州·越秀·东山,经验不限,博士,立即投递收藏
智联,计算机,计算机软件开发工程师,1.5-2.3万·15薪,南京·鼓楼·江东,1-3年,本科,立即投递收藏
智联,计算机,DSE/Alevel 计算机老师,1.2-1.5万,上海·青浦·盈浦,3-5年,本科,立即投递收藏
智联,计算机,计算机系统验证主管,6000-9000元·13薪,临沂·河东·朝阳,1-3年,本科,立即投递收藏
智联,计算机,项目运维工程师（持计算机硬件工程师高级证书）,1.2-1.5万,北京·朝阳,5-10年,本科,立即投递收藏
智联,计算机,软件2025届应届生（c#+计算机专业）,6000-10000元,东莞·寮步镇,1年以下,本科,立即投递收藏
智联,计算机,实习生（27届计算机相关专业）,2000-3000元,长春·二道·荣光,经验不限,本科,立即投递收藏
智联,计算机,硬件开发工程师（计算机方向）,2.5-3.5万,上海·浦东·周家渡,3-5年,本科,立即投递收藏
智联,计算机,招标项目助理（计算机相关专业）,面议,北京·朝阳·双井,经验不限,本科,立即投递收藏
智联,计算机,考研408计算机教研负责人_高薪急招,1.5-3万,北京·海淀·海淀街道,3-5年,硕士,立即投递收藏
智联,计算机,计算机视觉算法工程师,1-1.5万,重庆·两江新区,1-3年,硕士,立即投递收藏
智联,计算机,计算机视觉工程师,8000-13000元·13薪,郑州·金水·凤凰台,3-5年,硕士,立即投递收藏
智联,计算机,专利代理人（电学/通信/计算机/机械）,7000-14000元,苏州·虎丘·东渚,1-3年,本科,立即投递收藏
智联,计算机,计算机及信息网络岗,6000-10000元·16薪,北京·海淀·花园路,经验不限,本科,立即投递收藏
智联,计算机,计算机视觉算法工程师,1.5-2.5万,西安·雁塔·漳浒寨,3-5年,硕士,立即投递收藏
智联,计算机,学科带头人/博士后-人工智能与计算机技术,1.5-3万,天津·西青·张家窝,经验不限,博士,立即投递收藏
智联,计算机,专利代理人（计算机、通信、电学及相关专业）,4000-8000元,郑州·金水·丰产路,经验不限,本科,立即投递收藏
智联,计算机,审计实习生（大数据/计算机专业方向）,100-150元/天,济南·槐荫,经验不限,本科,立即投递收藏
智联,计算机,JAVA+985/211 计算机相关专业,1.9-2.2万·13薪,深圳·龙岗·坪地,5-10年,本科,立即投递收藏
智联,计算机,国内专利代理人（计算机/通讯/半导体）,8000-12000元,西安·雁塔·丈八沟,1-3年,本科,立即投递收藏
智联,计算机,高级算法工程师（计算机视觉方向）,1.5-2.5万·13薪,西安·雁塔·漳浒寨,3-5年,硕士,立即投递收藏
智联,计算机,大客户销售,1-1.7万,重庆·渝北·天宫殿,3-5年,大专,立即投递收藏
智联,计算机,计算机高级工程师,1-1.3万,西安·长安·韦曲,3-5年,本科,立即投递收藏
智联,计算机,计算机软件开发工程师,9000-16000元,上海·宝山·杨行,3-5年,本科,立即投递收藏
智联,计算机,高级研发工程师（计算机视觉状态估计）年薪60W,4.5-5万,北京·古城,1-3年,博士,立即投递收藏
智联,计算机,渠道销售代表/渠道销售/渠道分销专员/渠道分销经理/复印机打印机计算机渠道销售,8000-15000元,广州·越秀·珠光,1-3年,大专,立即投递收藏
智联,计算机,计算机配件采购,6000-7000元,北京·昌平·史各庄,3-5年,本科,立即投递收藏
智联,计算机,计算机编程前端开发工程师,9000-12000元,长春·绿园·正阳,3-5年,本科,立即投递收藏
智联,计算机,计算机驱动工程师,1.8-2.5万·13薪,北京·海淀·上地,3-5年,本科,立即投递收藏
智联,计算机,科技研发岗-人工智能/计算机视觉/大模型方向,1-1.3万,杭州·建德·寿昌,1-3年,硕士,立即投递收藏
智联,计算机,研究员（博士-计算机、大数据、网络空间安全方向）,3-5万,上海·浦东·康桥,经验不限,博士,立即投递收藏
智联,计算机,USACO计算机竞赛老师,250-350元/时,北京·顺义·空港,1-3年,本科,立即投递收藏
智联,计算机,有计算机编程经验的会计师,8000-16000元,杭州·上城·小营,3-5年,本科,立即投递收藏
智联,计算机,专利代理人（电学/通信/计算机/机械）,7000-14000元,西安·丈八沟,1-3年,本科,立即投递收藏
智联,计算机,总部考研教研员/408计算机方向(J60818),1.5-2.5万,北京·海淀·海淀街道,经验不限,硕士,立即投递收藏
智联,计算机,Linux系统开发工程师（计算机）,8000-15000元·15薪,上海·浦东·周家渡,1-3年,本科,立即投递收藏
智联,计算机,"专利代理师(电学,计算机,通信,微电子等)",1.1-2万·13薪,合肥·蜀山·南岗,1-3年,本科,立即投递收藏
智联,计算机,国际高中部--双语物理/数学/计算机/化学教师（实习生）,200-250元/天,天津·武清·运河西,经验不限,硕士,立即投递收藏
智联,计算机,计算机性能调优专家（国产化方向）(26届博士）,2-3万·15薪,深圳·南山·粤海,经验不限,博士,立即投递收藏
智联,计算机,通信/计算机首席分析师(J10151),4-7万,上海·黄浦·淮海中路,3-5年,硕士,立即投递收藏
智联,计算机,自动化应用软件开发（应届生-计算机）,1.2-1.5万·13薪,北京·大兴·荣华街道,经验不限,硕士,立即投递收藏
智联,计算机,结构设计工程师（具有加固计算机\工控机\服务器\VPX机箱类产品的设计经验）,1-1.5万·13薪,北京·昌平·史各庄,3-5年,大专,立即投递收藏
智联,计算机,计算机与财务融合专员,4000-8000元,西安·雁塔·电子城,1-3年,本科,立即投递收藏
智联,计算机,销售工程师（计算机硬件方向-报价）,6000-12000元·18薪,深圳·福田·华强北,3-5年,大专,立即投递收藏
智联,计算机,计算机图书编辑（数字媒体技术方向）,1.2-1.8万·13薪,北京·海淀·北下关,经验不限,硕士,立即投递收藏
智联,计算机,AI教育产品经理（计算机人工智能本硕）,1.5-2.2万,北京·朝阳·朝外,3-5年,本科,立即投递收藏
智联,计算机,计算机化验证负责人(J10234),8000-12000元,北京·大兴·荣华街道,1-3年,本科,立即投递收藏
智联,计算机,海内外应届硕士管培生——理工科（建筑类、计算机、土木工程、材料类、化学化工、机械制造等）,1.3-1.5万,北京·通州·台湖,经验不限,硕士,立即投递收藏
智联,计算机,计算机类 英文学术期刊助理编辑（汉口）,1.1-2.2万,武汉·硚口·六角亭,经验不限,硕士,立即投递收藏
智联,计算机,文字编辑（华章心理、华章经管、华章计算机）（机械工业出版社有限公司）,8000-12000元,北京·西城·展览路,经验不限,硕士,立即投递收藏
智联,计算机,安防、计算机场地检验检测员,5000-10000元,郑州·金水·祭城路,3-5年,本科,立即投递收藏
智联,计算机,高中ALevel 生物、计算机科学教师,1.9-2.5万,上海·宝山·顾村,1-3年,硕士,立即投递收藏
智联,计算机,计算机化系统主管【需有GMP企业经验】,1-2万,北京·大兴·荣华街道,3-5年,本科,立即投递收藏
智联,计算机,二级市场计算机、电信、机械首席研究员,2-4万,上海·长宁·虹桥,5-10年,硕士,立即投递收藏
智联,计算机,专利代理人（电学/通信/计算机/机械）,7000-14000元,武汉·洪山·洪山街道,1-3年,本科,立即投递收藏
智联,计算机,研究所计算机行研研究员,1.5-2.5万,上海·浦东·潍坊新村,1-3年,硕士,立即投递收藏
智联,计算机,研究所研究部计算机行业分析师/研究员/研究助理(000667),1.5-2.5万,深圳·南山·粤海,1-3年,硕士,立即投递收藏
智联,计算机,计算机硬件工程师,6000-9000元,杭州·钱塘·下沙,1-3年,本科,立即投递收藏
智联,计算机,国际课程双语教师（计算机方向）,1.5-3万,南京·秦淮·朝天宫,经验不限,硕士,立即投递收藏
智联,计算机,计算机运维工程师,6000-8000元,北京·丰台·东铁匠营,3-5年,本科,立即投递收藏
智联,计算机,计算机存储系统架构研发岗,2.5-3万,北京·朝阳·亚运村,经验不限,博士,立即投递收藏
智联,计算机,暖通工程师（暖通专业 + 懂计算机）,6000-8000元,太原·迎泽·老军营,经验不限,本科,立即投递收藏
智联,计算机,图像识别/计算机视觉算法工程师,2-4万,北京·通州·马驹桥,1-3年,硕士,立即投递收藏
智联,计算机,验证主管/工程师（计算机系统）,8000-15000元,石家庄·裕华·太行,1-3年,大专,立即投递收藏
智联,计算机,计算机视觉算法工程师,1.5-1.7万,北京·丰台·看丹,3-5年,本科,立即投递收藏
智联,计算机,211、985工程师（只招机械、计算机类专业）,8000-12000元·13薪,上海·宝山·罗泾,经验不限,本科,立即投递收藏
智联,计算机,某高校专业技术人员（计算机软件工程技术人员）,面议,武汉·硚口·汉水桥,经验不限,硕士,立即投递收藏
智联,计算机,计算机前端开发,7000-10000元,北京·通州·张家湾,1-3年,本科,立即投递收藏
智联,计算机,星务计算机产品设计工程师,2.2-4万·13薪,上海·松江·九亭,5-10年,硕士,立即投递收藏
智联,计算机,计算机类 英文学术期刊助理编辑,8000-16000元,武汉·洪山·关山,经验不限,本科,立即投递收藏
智联,计算机,计算机硬件工程师,150-200元/天,北京·顺义·石园,经验不限,大专,立即投递收藏
智联,计算机,招标项目经理（计算机相关专业）,面议,北京·朝阳·双井,1-3年,本科,立即投递收藏
智联,计算机,计算机网络工程师,5000-10000元,北京·海淀·西北旺,经验不限,本科,立即投递收藏
智联,计算机,计算机/电子/通信专利代理人助理,1-2万·13薪,杭州·滨江·西兴,经验不限,硕士,立即投递收藏
智联,计算机,审计实习生-安徽（大数据/计算机专业方向）,100-150元/天,合肥·庐阳·三孝口,经验不限,本科,立即投递收藏
智联,计算机,组稿编辑（计算机科技图书）,1.5-2万,北京·海淀,5-10年,硕士,立即投递收藏
智联,计算机,专利代理人（电学/通信/计算机/机械）,7000-14000元,成都·武侯·桂溪,1-3年,本科,立即投递收藏
智联,计算机,研究所研究部计算机行业分析师/研究员/研究助理(000667),1.5-2.5万,上海·浦东·潍坊新村,1-3年,硕士,立即投递收藏
智联,计算机,计算机、通信领域专利工程师/代理师（日语）,1.5-2万,北京·西城·新街口,经验不限,本科,立即投递收藏
智联,计算机,计算机视觉算法（文字、人脸、音视频）,2-4万,北京·海淀·海淀街道,1-3年,硕士,立即投递收藏
智联,计算机,计算机化系统验证QA职员-CSV,6000-8000元·13薪,北京·通州·漷县,1-3年,本科,立即投递收藏
智联,计算机,销售工程师计算机类（招应届）,6000-12000元·13薪,北京·海淀·上地,经验不限,大专,立即投递收藏
智联,计算机,内业岗（园林工程、绿化养护、行政人力、档案资料、文案策划、计算机、安全方向 ）,8000-10000元,北京·朝阳,经验不限,大专,立即投递收藏
智联,计算机,软件高级工程师（图像识别/计算机视觉算法工程师：AI算法方向）,2.2-4万,北京·通州·马驹桥,3-5年,本科,立即投递收藏
智联,计算机,ALEVEL学科教师-语文/数学/ESL/物理/生物/经济/商务/心理/地理/计算机/升学指导,1.1-2.2万,天津·北辰·大张庄,1-3年,本科,立即投递收藏
智联,计算机,（兼职/全职）国际课程双语教师-计算机/数学/物理/化学/生物,2-2.5万,南京·秦淮·朝天宫,1-3年,本科,立即投递收藏
智联,计算机,审计助理（特招计算机相关专业）,3000-6000元,重庆·渝北,经验不限,大专,立即投递收藏
智联,计算机,QA验证专员（计算机化系统）,7000-12000元,北京·通州·马驹桥,1-3年,本科,立即投递收藏
智联,计算机,杭州java-外包银行、计算机专业,1-1.5万,杭州·上城·采荷,3-5年,本科,立即投递收藏
智联,计算机,电子与智能化工程计算机工程师,7000-10000元,北京·朝阳·建外,5-10年,大专,立即投递收藏
智联,计算机,文字编辑（机械类、电气类、计算机类）（机械工业出版社有限公司）,8000-10000元,北京·西城·展览路,经验不限,硕士,立即投递收藏
智联,计算机,软件产品售前实习生（硕士学历及计算机类相关专业应届优先）,140-200元/天,天津·西青·西营门,经验不限,硕士,立即投递收藏
智联,计算机,新药CADD高级研发工程师（药物计算机辅助设计）,1-1.5万,乌鲁木齐·新市区·二工乡,1-3年,硕士,立即投递收藏
智联,计算机,计算机辅助药物设计CADD-大分子,1.5-3万,北京·大兴·荣华街道,3-5年,硕士,立即投递收藏
智联,计算机,AI产品经理（人工智能计算机应届）,240-300元/天,北京·朝阳·朝外,经验不限,硕士,立即投递收藏
智联,计算机,流程图设计工程师（能源与动力工程、机械工程、电子信息、计算机软件、自动化等与理工学科优先））,1-1.5万,深圳·龙岗·宝龙,经验不限,本科,立即投递收藏
智联,计算机,组稿编辑（计算机教材第一事业部）,1.2-2万,北京,经验不限,硕士,立即投递收藏
智联,计算机,java开发工程师,1-1.3万,武汉·洪山·关山,3-5年,本科,立即投递收藏
智联,计算机,计算机视觉算法工程师,150-200元/天,北京·海淀·上地,经验不限,硕士,立即投递收藏
智联,计算机,科研项目高级主管（专业方向包括:海洋工程技术、海洋新能源 计算机软件、复合材料、感知技术、自动控制、机械工程等,2-4万·15薪,北京·海淀,经验不限,博士,立即投递收藏
智联,计算机,硬件产品总体设计师（控制计算机）,1.5-2.5万,北京·海淀·永定路,3-5年,硕士,立即投递收藏
智联,计算机,计算机验证工程师（应届生）,5000-6000元,广州·黄埔·九佛,经验不限,本科,立即投递收藏
智联,计算机,CSV主管-计算机化系统验证QA,8000-12000元·13薪,北京·通州·漷县,3-5年,本科,立即投递收藏
智联,计算机,中职计算机专业教师（UI/平面设计/影视剪辑方向）,5000-8000元,郑州·新密·刘寨,1-3年,本科,立即投递收藏
智联,计算机,计算机方向科技图书策划编辑(J10074),8000-10000元,北京·东城·和平里,经验不限,硕士,立即投递收藏
智联,计算机,计算机专业教师,4000-7000元,广州·白云·人和,1-3年,本科,立即投递收藏
智联,计算机,计算机网络,4000-6000元,南京·栖霞·栖霞街道,1-3年,本科,立即投递收藏
智联,计算机,急招普工/操作工-月入8000（小区宿舍-包住）,6000-8000元,天津·西青·张家窝,经验不限,学历不限,立即投递收藏
智联,计算机,计算机人才 应届生亦可,4000-8000元,汕头·珠池街道,经验不限,本科,立即投递收藏
智联,计算机,java-银行-外包-南京-计算机,1.4-1.8万,南京·建邺·沙洲,5-10年,本科,立即投递收藏
智联,计算机,计算机硬件工程师,3000-6000元,徐州·泉山区·王陵街道,1-3年,大专,立即投递收藏
智联,计算机,计算机网络维护维修,4000-6000元,天津·河东·春华,1-3年,大专,立即投递收藏
智联,计算机,计算机网络工程师,5000-6000元,苏州·张家港·杨舍,1-3年,大专,立即投递收藏
智联,计算机,计算机硬件维护工程师,3000-6000元,保定·裕华,1-3年,大专,立即投递收藏
智联,计算机,四川中仪通昶诚聘物流及计算机仓储管理专员,5000-6000元,成都·武侯·金花桥,1-3年,大专,立即投递收藏
智联,计算机,计算机视觉工程师（图像算法方向）,1.5-3万·14薪,厦门·湖里·禾山,3-5年,硕士,立即投递收藏
智联,计算机,诚招组装工 五险一金,4000-7000元,北京·昌平·史各庄,1-3年,本科,立即投递收藏
智联,计算机,组稿编辑（计算机教材第二事业部）,1.2-2万,北京,经验不限,硕士,立即投递收藏
智联,计算机,策划编辑（华章心理、华章经管、华章计算机）（机械工业出版社有限公司）,8000-15000元,北京·西城·展览路,经验不限,硕士,立即投递收藏
智联,计算机,计算机销售工程师（招应届）,6000-12000元·13薪,北京·海淀·上地,经验不限,大专,立即投递收藏
智联,计算机,Java开发工程师,1-1.3万,西安·雁塔·丈八沟,3-5年,本科,立即投递收藏
智联,计算机,计算机网络管理员,4000-8000元·13薪,贵阳·观山湖·观山,1-3年,大专,立即投递收藏
智联,计算机,计算机硬件维护工程师,5000-8000元,长春·朝阳·硅谷,1-3年,本科,立即投递收藏
智联,计算机,计算机视觉算法高级工程师,24-25万,上海·徐汇·虹梅路,3-5年,硕士,立即投递收藏
智联,计算机,计算机动漫与游戏制作专业教师,5000-8000元,日照·东港区·卧龙山街道,1-3年,本科,立即投递收藏
智联,计算机,计算机技术员,5000-9000元,深圳·龙华·龙华,1-3年,大专,立即投递收藏
智联,计算机,计算机硬件维护专员,5000-6000元,南京·江宁·秣陵,1-3年,大专,立即投递收藏
智联,计算机,计算机硬件维护专员,8000-9000元,贵阳·观山湖,经验不限,高中,立即投递收藏
智联,计算机,计算机老师,4000-8000元,株洲·醴陵市·阳三石街道,1-3年,大专,立即投递收藏
智联,计算机,计算机老师全职,7000-12000元,天津·津南·双桥河,1-3年,本科,立即投递收藏
智联,计算机,【济宁】招聘计算机专业课教师,3000-6000元,济宁·任城区·李营街道,经验不限,本科,立即投递收藏
智联,计算机,计算机硬件技术员,7000-8000元,天津·河东·上杭路,1年以下,大专,立即投递收藏
智联,计算机,计算机文员,1000-2000元,邯郸·丛台区·兼庄乡,经验不限,大专,立即投递收藏
智联,计算机,计算机硬件技术员,7000-8000元,上海·杨浦·五角场,经验不限,大专,立即投递收藏
智联,计算机,计算机实习生,3000-6000元,安阳·文峰区,经验不限,中专/中技,立即投递收藏
智联,计算机,黑龙江通昶诚聘计算机、物流管理、医疗器械仓储物流专员,4000-6000元,哈尔滨·呼兰,1-3年,大专,立即投递收藏
智联,计算机,计算机网络管理员,1.1-1.3万,宁波·象山·新桥,经验不限,大专,立即投递收藏
智联,计算机,计算机教师,3000-5000元,鞍山·立山区·深沟寺街道,1-3年,本科,立即投递收藏
智联,计算机,计算机硬件维护工程师,8000-9000元,杭州·上城·九堡,1-3年,大专,立即投递收藏
智联,计算机,计算机硬件维护工程师,7000-8000元,重庆·渝中·石油路,1-3年,大专,立即投递收藏
智联,计算机,计算机硬件维护工程师,8000-13000元,厦门·湖里·筼筜,经验不限,学历不限,立即投递收藏
智联,计算机,计算机维修,6000-8000元,咸阳·秦都区·上林街道,经验不限,大专,立即投递收藏
智联,计算机,服务器售后客服（计算机专业）,面议,大连·甘井子·凌水,经验不限,大专,立即投递收藏
智联,计算机,计算机硬件维护工程师,7000-8000元,佛山·禅城·石湾镇,1-3年,大专,立即投递收藏
智联,计算机,计算机科学与技术,5000-8000元·13薪,保定·莲池·裕华,经验不限,大专,立即投递收藏
智联,计算机,计算机视觉算法工程师实习生,100-200元/天,武汉·江汉·经开区,经验不限,本科,立即投递收藏
智联,计算机,计算机硬件技术员,1-1.2万,成都·双流·黄甲,1-3年,大专,立即投递收藏
智联,计算机,中职计算机C语言教师,7000-12000元,淮安·清江浦区·盐河街道,1-3年,本科,立即投递收藏
智联,计算机,计算机硬件技术员,6000-7000元,南京·玄武·锁金村,1-3年,大专,立即投递收藏
智联,计算机,高校计算机专业教师,3-6万,深圳·南山·桃源,经验不限,博士,立即投递收藏
智联,计算机,计算机教师,5000-7000元,长沙·浏阳·永安,1-3年,本科,立即投递收藏
智联,计算机,计算机硬件技术员,6000-7000元,杭州·西湖·转塘,1年以下,大专,立即投递收藏
智联,计算机,计算机硬件测试工程师,9000-10000元,南昌·南昌县·昌东,1年以下,本科,立即投递收藏
智联,计算机,计算机硬件维护工程师,6000-9000元·13薪,金华·金华·石柱镇,经验不限,学历不限,立即投递收藏
智联,计算机,计算机系统管理员,7000-13000元,南昌·南昌县·昌东,经验不限,大专,立即投递收藏
智联,计算机,急招 计算机美工,3000-6000元,安阳·文峰区,经验不限,中专/中技,立即投递收藏
智联,计算机,计算机硬件维护工程师,8000-10000元·13薪,成都·双流,经验不限,高中,立即投递收藏
猎聘,计算机,计算机视觉（医学图像）算法工程师招聘,10-20k,重庆-九龙坡区,经验不限,本科,华大集团
猎聘,计算机,科创老师或计算机老师（国际学校）,20-35k,广州,5-10年,学历不限,某广州大型学校教育公司
猎聘,计算机,信息工程师,6-15k,南京-栖霞区,经验不限,统招本科,南京易基诺环保科技有限公司
猎聘,计算机,研究所计算机行研研究员,15-25k,上海,2年以上,硕士,开源证券
猎聘,计算机,双语计算机老师,10-18k,扬州,经验不限,本科,安生教育集团
猎聘,计算机,软件工程师,14-18k·15薪,深圳-南山区,经验不限,统招本科,中国航天国际控股有限公司
猎聘,计算机,计算机视觉工程师,20-35k,成都,5-10年,学历不限,某上海电子/半导体/集成电路公司
猎聘,计算机,人事助理/主管,6-7k,南京-鼓楼区,1-3年,大专,温州市讯和电脑科技有限公司
猎聘,计算机,证券分析师（通信行/计算机AI）,30-40k,上海,3-5年,硕士,某上海基金/证券/期货公司
猎聘,计算机,Python开发/测试，25届可投,15-30k·14薪,西安,经验不限,本科,某北京大型通信设备公司
猎聘,计算机,软件开发员,10-20k·15薪,广州-白云区,3年以上,统招本科,广东机场白云信科
猎聘,计算机,计算机老师-国际课程,10-25k,成都-新都区,1-3年,本科,狄邦教育集团
猎聘,计算机,Python,15-30k,武汉,经验不限,本科,某深圳大型通信设备公司
猎聘,计算机,算法工程师 （计算机视觉方向）,15-30k,沈阳-浑南区,3-5年,硕士,沈阳新松机器人自动化股份有限公司
猎聘,计算机,Python开发工程师（双休 六险一金）,12-24k·14薪,南京-雨花台区,经验不限,统招本科,某北京专业服务上市公司
猎聘,计算机,Java/C/C++/Python+导师带教,20-40k,南京,经验不限,学历不限,某深圳大型通信设备公司
猎聘,计算机,计算机视觉工程师,10-15k,西安,经验不限,学历不限,烟台睿创微纳技术股份有限公司
猎聘,计算机,AI研究员（通信/电子/计算机方向）,20-40k,北京-西城区,3-5年,统招本科,某北京信托公司
猎聘,计算机,FPGA开发工程师（计算机存储方向）,25-35k,长沙,经验不限,学历不限,某长沙电子/半导体/集成电路上市公司
猎聘,计算机,软件工程师,14-24k·14薪,上海,2-8年,学历不限,某深圳大型通信设备公司
猎聘,计算机,Python,15-30k,武汉,经验不限,本科,某深圳大型通信设备公司
猎聘,计算机,全国计算机教师,15-25k·13薪,北京,经验不限,学历不限,某知名公司
猎聘,计算机,python开发工程师【Java、C/C++可投递】,15-30k·14薪,北京,经验不限,本科,某深圳大型通信设备公司
猎聘,计算机,计算机视觉高级工程师,20-25k·14薪,武汉-洪山区,5年以上,本科,长飞光纤光缆
猎聘,计算机,居家打字员,7-10k,广州-黄埔区,经验不限,学历不限,广州苑翰科技有限公司
猎聘,计算机,AI数字化工程师,10-15k,无锡-滨湖区,经验不限,本科,无锡视美乐科技
猎聘,计算机,Python开发/测试，25届可投,15-30k·14薪,深圳,经验不限,本科,某北京大型通信设备公司
猎聘,计算机,Python开发/测试，25届可投,15-30k·14薪,杭州,经验不限,本科,某北京大型通信设备公司
猎聘,计算机,Python开发工程师(双休+六险一金),20-40k·14薪,深圳,1-3年,统招本科,某深圳世界500强通信设备公司
猎聘,计算机,计算机视觉工程师,12-20k,成都,4年以上,统招本科,某电子/半导体/集成电路公司
猎聘,计算机,Python,15-30k,武汉,经验不限,本科,某深圳大型通信设备公司
猎聘,计算机,程序开发及项目管理(169740)计算机相关专业应届可，智能新工厂方向,10-15k·13薪,达州,经验不限,本科,某国内服装/纺织/皮革公司
猎聘,计算机,计算机视觉算法工程师,20-30k·13薪,南京-江宁区,3-5年,硕士,某南京电气机械/器材公司
猎聘,计算机,软件开发工程师（语言不限）,15-30k,西安,经验不限,本科,某大型世界500强通信设备公司
猎聘,计算机,Python,15-30k,武汉,经验不限,本科,某深圳大型通信设备公司
猎聘,计算机,"软件开发/软件测试工程师 ,25届可投",15-30k·14薪,深圳,经验不限,本科,某北京大型通信设备公司
猎聘,计算机,通信/计算机首席分析师,20-21k,上海,3年以上,学历不限,某上海基金/证券/期货公司
猎聘,计算机,电气数据工程专员级（国企 ）,16-20k,上海-闵行区,5-10年,统招本科,某上海大型其他商务服务业公司
猎聘,计算机,计算机视觉工程师,15-25k,成都,3年以上,硕士,某电子/半导体/集成电路公司
猎聘,计算机,Python开发工程师,14-25k·14薪,上海-青浦区,经验不限,学历不限,某深圳大型通信设备公司
猎聘,计算机,双语计算机/编程/科技老师,10-20k·13薪,广州-黄埔区,2年以上,统招本科,爱莎国际教育集团
猎聘,计算机,售前技术支持（不加班，不出差需需要计算机专业）,6-11k·14薪,成都,1-3年,统招本科,某北京专业服务上市公司
猎聘,计算机,双语计算机老师,15-25k,上海-松江区,3-5年,本科,领科教育上海校区
猎聘,计算机,Python开发/测试，25届可投,15-30k·14薪,东莞,经验不限,本科,某北京大型通信设备公司
猎聘,计算机,Python开发工程师,15-30k·14薪,济南,经验不限,本科,某深圳大型通信设备公司
猎聘,计算机,软件开发工程师（后端）,10-15k·13薪,重庆-渝北区,3-5年,统招本科,北京理工大学重庆创新中心
猎聘,计算机,python开发工程师【接受C/C++】,15-30k·14薪,杭州,经验不限,本科,某深圳大型通信设备公司
猎聘,计算机,软件开发或测试工程师 - 华为OD,15-30k·16薪,深圳,经验不限,本科,某大型世界500强通信设备公司
猎聘,计算机,（抠图）计算机视觉工程师（图像算法方向）,20-35k,厦门,3-5年,统招本科,某厦门计算机软件公司
猎聘,计算机,计算机视觉算法工程师 （CV大模型算法工程师）,20-40k,广州-黄埔区,3-5年,本科,高新兴科技集团股份有限公司
猎聘,计算机,TMT电子、通信、计算机行业研究员（券商研究所）,15-20k,上海-黄浦区,3-5年,本科,上海商投创业投资有限公司
猎聘,计算机,双语计算机教师（初中）,薪资面议,广州-花都区,2年以上,统招本科,耀华国际教育
猎聘,计算机,AP计算机教师,15-30k,廊坊-永清县,2年以上,本科,北京正源拓维教育咨询有限公司
猎聘,计算机,计算机视觉工程师（大模型方向）,薪资面议,上海-杨浦区,2年以上,硕士,千寻位置网络有限公司
猎聘,计算机,大学教师-计算机,15-30k,成都,经验不限,博士,某学校教育公司
猎聘,计算机,Ray计算引擎研发工程师,14-25k·14薪,杭州-滨江区,经验不限,硕士,中控技术
猎聘,计算机,软件开发工程师,12-24k·14薪,珠海,1-3年,本科,某通信设备公司
猎聘,计算机,研发工程师（计算机视觉/交通事件检测）,15-30k,武汉-江夏区,1-3年,本科,中国电子云
猎聘,计算机,Python,9-15k,青岛-市南区,2年以上,本科,青岛格兰德信用管理咨询有限公司
猎聘,计算机,初中计算机老师,11-20k·13薪,上海-青浦区,3-5年,本科,某上海学校教育公司
猎聘,计算机,初级算法工程师（计算机视觉 / 3D 定位方向）,15-25k·15薪,深圳-南山区,1-3年,本科,汝原科技
猎聘,计算机,医疗AI计算机视觉（CV）工程师,20-40k,长沙-天心区,经验不限,硕士,爱尔眼科
猎聘,计算机,TMT研究员【科技电子半导体计算机通信传媒互联网】,30-35k,北京,经验不限,硕士,某北京基金/证券/期货公司
猎聘,计算机,计算机软件工程师,7-14k,南京-浦口区,3-5年,本科,卜蜂(中国)生物科技有限公司
猎聘,计算机,CADD（计算机辅助药物设计）,10-25k,苏州-工业园区,1年以上,硕士,朗睿生物医药
猎聘,计算机,60岁以内知名车企招聘【计算机、人工智能、低空经济、新能源、智能驾驶、智能座舱相关专业博士】-base三亚,25-30k,三亚,经验不限,本科,某国内大型汽车零部件及配件公司
猎聘,计算机,项目经理（计算机产品方向）,13-25k,长沙-开福区,3-5年,统招本科,中声海洋科技(湖南)有限公司
猎聘,计算机,AI 算法工程师（计算机视觉）,15-25k·13薪,郑州,3-5年,硕士,某郑州知名上市公司
猎聘,计算机,总账会计9K双休,8-9k,郑州-中原区,1-3年,大专,广州常增贸易有限公司
猎聘,计算机,出纳员,6-7k,威海-环翠区,1-3年,大专,威海恒旺光伏发电服务有限公司
猎聘,计算机,卫星AI算法软件工程师（卫星算力计算机）,30-60k,深圳-宝安区,2年以上,统招本科,星际荣耀
猎聘,计算机,高性能计算工程师,28-45k·15薪,北京,3-5年,硕士,某世界500强医疗器械公司
猎聘,计算机,Python开发工程师（大厂 双休 弹性打卡1小时）,12-24k·14薪,东莞,经验不限,统招本科,某北京专业服务上市公司
猎聘,计算机,系统工程师（正式员工，飞控计算机）,23-28k·16薪,成都-高新区,2年以上,统招本科,某成都航空/航天设备公司
猎聘,计算机,电子/计算机行业研究员,薪资面议,广州-天河区,3-5年,硕士,金鹰基金
猎聘,计算机,Python（六险一金+14-16薪）,15-30k·14薪,上海-青浦区,经验不限,统招本科,某大型世界500强通信设备公司
猎聘,计算机,Python开发工程师,20-40k·14薪,上海,经验不限,统招本科,某深圳大型通信设备公司
猎聘,计算机,算法工程师（计算机视觉）,25-45k·14薪,深圳,3-5年,硕士,某深圳人工智能公司
猎聘,计算机,计算机安全管理员（保密）,10-13k,北京-石景山区,3-5年,本科,北京长峰海维电子技术研究所
猎聘,计算机,计算机视觉图像识别算法工程师,15-20k,佛山-南海区,1-3年,本科,广东创达自动化装备有限公司
猎聘,计算机,python开发【Java可投】,15-30k·14薪,深圳,经验不限,本科,某深圳大型通信设备公司
猎聘,计算机,企业 IT 数字化开发工程师 【NO. 009】,10-16k·14薪,大连-甘井子区,1-3年,统招本科,UMU
猎聘,计算机,计算机视觉工程师,25-35k·14薪,天津,3-5年,硕士,某国内石化上市公司
猎聘,计算机,高中计算机老师,10-25k,上海-闵行区,经验不限,本科,诺美教育
猎聘,计算机,前台接待文员,5-6k,西安,经验不限,学历不限,陕西中网综合能源有限公司
猎聘,计算机,计算机视觉工程师,15-20k·13薪,成都-高新区,4年以上,统招本科,某电子/半导体/集成电路公司
猎聘,计算机,云计算运维工程师,20-25k,嘉兴-桐乡,3-5年,本科,某上海智能硬件/消费电子公司
猎聘,计算机,Python开发,15-30k·14薪,长沙,经验不限,学历不限,某深圳大型通信设备公司
猎聘,计算机,计算机视觉算法软件工程师,20-40k,苏州,4年以上,统招本科,某苏州电子/半导体/集成电路公司
猎聘,计算机,计算机视觉/深度学习专家,25-50k,苏州,5-10年,本科,某苏州学术/科研公司
猎聘,计算机,小学计算机设计老师,12-18k,上海,1-3年,本科,某上海学校教育公司
猎聘,计算机,算法工程师（计算机视觉方向）,30-40k,上海-浦东新区,3年以上,硕士,爱医舟科技
猎聘,计算机,IG计算机老师,15-30k,东莞,1-3年,本科,某东莞培训服务公司
猎聘,计算机,硕士应届生-授予北京户口-985211,13-20k·14薪,北京-海淀区,1年以下,硕士,伽睿智能科技
猎聘,计算机,计算机行业研究助理,薪资面议,北京,1-3年,硕士,中邮证券
猎聘,计算机,兼职计算机视觉线上论文辅导,20-40k,深圳-坪山区,经验不限,硕士,上海马拉火车信息技术有限公司
猎聘,计算机,Python开发工程师(双休+六险一金),20-40k·14薪,东莞,1-3年,统招本科,某深圳世界500强通信设备公司
猎聘,计算机,python开发工程师【其他代码可投】,15-30k·14薪,成都,经验不限,本科,某深圳大型通信设备公司
猎聘,计算机,计算机视觉软件工程师（机器人、图像算法、嵌入式系统开发）,20-40k,深圳-南山区,3-5年,学历不限,某深圳电子/半导体/集成电路公司
猎聘,计算机,计算机与通信网络管理岗位,10-25k,上海-浦东新区,2年以上,统招本科,中曼石油
猎聘,计算机,计算机信息类专业教师,6-10k,西安-长安区,经验不限,本科,西安科技大学高新学院
猎聘,计算机,软件开发或测试工程师 - 华为OD,15-30k·15薪,杭州,经验不限,本科,某大型世界500强通信设备公司
猎聘,计算机,Python（六险一金+14薪-16薪）,15-30k·14薪,深圳-龙岗区,经验不限,统招本科,某大型世界500强通信设备公司
猎聘,计算机,QC专员-仪器&计算机系统,12-18k·15薪,上海-徐汇区,5-10年,统招本科,上海复宏汉霖生物技术股份有限公司
猎聘,计算机,计算机视觉研究员（英语or日语熟练）,12-20k·15薪,北京,经验不限,本科,某北京大型贸易进出口公司
猎聘,计算机,软件开发或测试工程师 - 华为OD,15-30k·15薪,西安,经验不限,本科,某大型世界500强通信设备公司
猎聘,计算机,IT部技术助理,7-10k,南京-江宁区,经验不限,本科,好水(南京)环保科技有限公司
猎聘,计算机,国际高中计算机教师,8-15k,大连-甘井子区,经验不限,本科,英领国际学校
猎聘,计算机,云计算开发工程师,15-26k,宁波-慈溪,5-10年,本科,吉利汽车研究院(宁波)有限公司
猎聘,计算机,计算机与物联网学院专任教师,7-10k,重庆-巴南区,1-3年,硕士,重庆工程学院
猎聘,计算机,早九晚五计算机文员,5-8k,佛山-禅城区,经验不限,大专,佛山市博诚电子商务有限公司
猎聘,计算机,办公室主任,8-10k,杭州-西湖区,1-3年,本科,温州市讯和电脑科技有限公司
猎聘,计算机,物联网开发工程师,10-15k·13薪,长沙-开福区,3年以上,统招本科,长沙尚文科技有限公司
猎聘,计算机,计算机图形学工程师,30-60k,上海,1-3年,学历不限,某上海科技推广服务公司
猎聘,计算机,课程研发（实战能力）教师 -大学课程设计-有大厂计算机落地经验+企业内训赋能经验,18-35k,三亚,3-5年,统招本科,某北京大型人力资源服务公司
猎聘,计算机,AP计算机老师,14-25k,廊坊,3-5年,本科,某北京科技推广服务公司
猎聘,计算机,世界500强院校大学博士教师（博士专业要计算机人工智能相关 ，有寒暑假，薪资40W内）,20-30k,三亚,经验不限,博士,某国内大型人力资源服务公司
猎聘,计算机,计算机视觉工程师（SLAM方向）,薪资面议,上海-杨浦区,3-5年,硕士,千寻位置网络有限公司
猎聘,计算机,计算机老师,12-24k,杭州,1-3年,统招本科,某杭州大型学校教育公司
猎聘,计算机,计算机硬件维护工程师+双休,13-26k,北京-通州区,2年以上,本科,软猫聚众数字科技(重庆)有限公司
猎聘,计算机,软件开发或测试工程师 - 华为OD,15-30k·15薪,北京,经验不限,本科,某大型世界500强通信设备公司
猎聘,计算机,计算机/人工智能高端科研/技术岗,25-55k·14薪,成都-双流区,经验不限,博士,中国兵器工业集团有限公司
猎聘,计算机,硬件工程师（加固计算机）,16-25k,沈阳,3-5年,统招本科,某沈阳大型机械/设备公司
猎聘,计算机,计算机技术与软件工程师,20-25k,广州,3-5年,本科,某广州计算机软件公司
猎聘,计算机,中学计算机老师,15-25k,深圳-南山区,3年以上,硕士,深圳市南山区丽林维育学校
猎聘,计算机,计算机技术员,8-12k,成都-青白江区,1年以下,硕士,某成都学术/科研公司
猎聘,计算机,计算机视觉算法工程师-某事业单位,20-40k·13薪,南京-江宁区,2-10年,硕士,某南京知名公司
猎聘,计算机,IB学科老师 (数学、物理、经济、计算机科学...),8-12k,广州-天河区,经验不限,本科,广州引力科技有限公司
猎聘,计算机,计算机通信工程师,20-30k·14薪,北京-东城区,5-10年,本科,中国港湾工程有限责任公司
猎聘,计算机,计算机视觉工程师（立体视觉方向）,薪资面议,上海-杨浦区,3-5年,硕士,千寻位置网络有限公司
猎聘,计算机,世界500强教育【课程研发（实战能力）教师 / 双师型教师】人工智能、计算机,30-40k,三亚,5-10年,本科,某北京培训服务上市公司
猎聘,计算机,Python开发工程师(双休+六险一金),20-40k·14薪,北京,1-3年,统招本科,某深圳世界500强通信设备公司
猎聘,计算机,TMT研究员【科技电子半导体计算机通信传媒互联网】,30-35k,上海,经验不限,硕士,某上海基金证券公司
猎聘,计算机,CADD 计算机辅助药物研发(大分子)研究员/科学家,25-45k·14薪,上海-浦东新区,1-3年,硕士,上海齐鲁制药
猎聘,计算机,系统开发实习生,2-3k,厦门-同安区,经验不限,本科,厦门安享电子商务有限公司
猎聘,计算机,计算机硬件维护工程师+双休,13-25k,上海-徐汇区,3年以上,本科,软猫聚众数字科技(重庆)有限公司
猎聘,计算机,JAVA/ Python/C/C++/Shell/Go软件工程师,15-30k·14薪,上海-青浦区,经验不限,本科,某深圳大型通信设备公司
猎聘,计算机,办公室行政专员/助理,6-7k,青岛-市南区,1-3年,大专,温州市讯和电脑科技有限公司
猎聘,计算机,投资经理-AI/泛半导体/计算机,16-25k,上海-浦东新区,1-6年,本科,上海常春藤投资控股有限公司
猎聘,计算机,计算机视觉（大模型方向+行业头部）,45-75k·15薪,深圳-南山区,6年以上,学历不限,某大型知名智能硬件/消费电子公司
猎聘,计算机,计算机研究员,30-40k,上海,经验不限,硕士,某上海基金/证券/期货公司
猎聘,计算机,集群开发工程师/高性能计算集群工程师（上海/线上面试）,12-24k·13薪,上海-浦东新区,2年以上,统招本科,软通动力
猎聘,计算机,计算机视觉工程师（深圳）（MJ000133）,20-40k,深圳-南山区,经验不限,硕士,美图公司
猎聘,计算机,博士后——政务信息化（计算机相关）,15-30k,上海-黄浦区,经验不限,博士,元方智库
猎聘,计算机,Python开发工程师【Java、C可投递】,15-30k·14薪,南京,经验不限,本科,某深圳大型通信设备公司
猎聘,计算机,计算机视觉算法应用工程师,25-35k·13薪,厦门-湖里区,3-5年,本科,厦门天和至医疗器械有限公司
猎聘,计算机,计算机视觉研究员,25-30k·14薪,北京-朝阳区,1-3年,本科,某知名公司
猎聘,计算机,计算机工程师,10-12k,孝感,1-3年,本科,湖北三江航天万山特种车辆有限公司
猎聘,计算机,算法工程师(计算机视觉/Detection),25-50k·14薪,深圳,2年以上,硕士,某深圳人工智能公司
猎聘,计算机,计算机系统管理员,6-8k,徐州-新沂,3年以上,大专,江苏星诺医药科技有限公司
猎聘,计算机,计算机学院行政助理,6-12k,宁波-镇海区,2年以上,硕士,宁波东方理工大学
猎聘,计算机,嵌入式AI算法工程师（计算机视觉方向）,30-60k·13薪,深圳-龙华区,3-5年,统招本科,知外小电机生产拟上市公司
猎聘,计算机,计算机视觉算法专家,12-20k,广州-增城区,经验不限,本科,广州慧炬智能科技有限公司
猎聘,计算机,摄影测量、计算机视觉、点云算法工程师,20-50k·14薪,成都-高新区,1-3年,统招本科,成都联科
猎聘,计算机,python开发工程师【Java、C/C++可投递】,15-30k·14薪,武汉,经验不限,本科,某深圳大型通信设备公司
猎聘,计算机,软件开发或测试工程师 - 华为OD,15-30k·15薪,南京,经验不限,本科,某大型世界500强通信设备公司
猎聘,计算机,大学教师- base三亚，世界500强旗下教育模块，看计算机相关专业，学历必须博士,20-30k·15薪,三亚,经验不限,博士,某北京大型人力资源服务公司
猎聘,计算机,ICT与计算机科学教师 ICT & Computer Science Teacher,15-25k·13薪,珠海-横琴新区,1-3年,本科,横琴粤澳深度合作区哈罗礼德学校
猎聘,计算机,国际ICT计算机老师,15-25k,上海,经验不限,统招本科,某上海在线教育公司
猎聘,计算机,双语计算机老师,15-20k,北京,1-3年,统招本科,某北京培训服务公司
猎聘,计算机,AI研究员（通信/电子/计算机方向）,30-50k·20薪,北京,5-10年,硕士,某北京大型基金/证券/期货公司
猎聘,计算机,嵌入式软件工程师（航空航天、军工、无人机、飞控计算机类，嵌入式实时操作系统）,25-50k,西安,5-10年,本科,某西安IT服务公司
猎聘,计算机,计算机视觉算法工程师（高级）,30-60k,深圳-南山区,3-5年,统招本科,某东莞人力资源服务公司
猎聘,计算机,客服,5-8k,广州,经验不限,本科,广州市靠蜡贸易有限公司
猎聘,计算机,验证工程师/计算机验证工程师,30-35k,上海,3-5年,本科,某上海大型医疗器械公司
猎聘,计算机,计算机老师,15-25k,北京,3-5年,学历不限,某北京大型培训服务公司
猎聘,计算机,双语数学/计算机/生物/物理/化学/经济教师,15-25k·13薪,北京,1-3年,本科,某北京培训服务公司
猎聘,计算机,CADD工程师（计算机辅助药物设计研究员）,13-20k,成都-武侯区,2年以上,硕士,成都闻泰医药科技股份有限公司
猎聘,计算机,软件开发或测试工程师 - 华为OD,15-30k·16薪,成都,经验不限,本科,某大型世界500强通信设备公司
猎聘,计算机,计算机视觉方法（三维重建）,30-60k·15薪,深圳,4年以上,硕士,某深圳大型智能硬件/消费电子公司
猎聘,计算机,AI 算法工程师【某大厂，计算机视觉/视频图像识别/.遥感影像/图像处理等】,15-30k,昆明,3年以上,统招本科,某知名公司
猎聘,计算机,计算机通信行业研究员,薪资面议,北京-西城区,2年以上,硕士,中加基金管理有限公司
猎聘,计算机,计算机视觉研究员,25-30k·16薪,北京-朝阳区,3-5年,本科,某北京大型贸易进出口公司
猎聘,计算机,计算机视觉算法,25-40k·16薪,杭州,3-5年,统招本科,某知名公司
猎聘,计算机,计算机视觉算法专家,8-12k,郑州,经验不限,大专,武汉市群淼巨科技有限公司
猎聘,计算机,计算机视觉算法工程师（iOS/球类运动科技方向）,25-55k·14薪,上海-闵行区,经验不限,本科,鲜猿科技
猎聘,计算机,Bilingual Computer Science Teacher 双语计算机老师,15-20k,杭州,1-3年,统招本科,某杭州大型学校教育公司
猎聘,计算机,光量子计算机产品经理,15-30k,杭州-余杭区,2年以上,统招本科,九州量子
猎聘,计算机,博士后——政务信息化（计算机相关）,15-30k,北京-朝阳区,经验不限,博士,元方智库
猎聘,计算机,计算机/人工智能高端科研/技术岗,25-55k·14薪,苏州-虎丘区,经验不限,博士,中国兵器工业集团有限公司
猎聘,计算机,计算机互联网研究员（A股+H股）,薪资面议,北京-朝阳区,3-5年,硕士,国金基金管理有限公司
猎聘,计算机,计算机辅助药物设计负责人,60-90k,北京,经验不限,学历不限,某北京制药上市公司
猎聘,计算机,双语计算机老师,11-20k,杭州-萧山区,1-3年,统招本科,某杭州培训服务公司
猎聘,计算机,软件开发或测试工程师 - 华为OD,15-30k·15薪,武汉,经验不限,本科,某大型世界500强通信设备公司
猎聘,计算机,计算机老师,4-7k,石家庄-元氏县,1-3年,硕士,河北外国语学院
猎聘,计算机,高中计算机教师（IBDP）,15-25k,北京-昌平区,5年以上,硕士,北京市私立汇佳学校
猎聘,计算机,行政管理,5-6k,烟台-莱山区,1-3年,大专,威海恒旺光伏发电服务有限公司
猎聘,计算机,Python开发,15-30k·14薪,上海,经验不限,本科,某北京大型通信设备公司
猎聘,计算机,FPGA开发工程师（飞控计算机类，军品 FPGA 开发背景，接触过 Zynq7000 芯片）,30-60k,西安,5-10年,本科,某西安IT服务公司
猎聘,计算机,行政人事专员,6-8k,台州-路桥区,经验不限,学历不限,台州市豪横车业有限公司
猎聘,计算机,FPGA开发工程师（计算机存储 / 通信）,20-30k·15薪,长沙,3-5年,本科,某长沙电子/半导体/集成电路上市公司
猎聘,计算机,小学计算机老师,10-18k·13薪,厦门-思明区,3-5年,硕士,厦门洲邻国际教育咨询有限公司
猎聘,计算机,计算机辅助药物设计CADD-大分子,15-35k,北京,3年以上,硕士,神州细胞工程有限公司
猎聘,计算机,计算机视觉算法专家,20-40k,杭州,1-3年,硕士,清瑶智能科技(杭州)有限公司
猎聘,计算机,北京AP计算机双语老师,10-20k,北京-大兴区,1年以下,本科,北京加诚领英信息咨询有限责任公司
猎聘,计算机,光剑美高-双语计算机教师,15-25k·13薪,上海-浦东新区,1-3年,本科,光华教育
猎聘,计算机,计算机老师,18-25k,北京-朝阳区,1-3年,硕士,北京灿慕管理咨询有限公司
猎聘,计算机,计算机老师,15-25k,北京,3-5年,学历不限,某知名公司
猎聘,计算机,Python开发工程师,20-40k·14薪,杭州,经验不限,统招本科,某深圳大型通信设备公司
猎聘,计算机,双语计算机老师Computer Science Teacher ( IGCSE & A-LEVEL),13-18k·13薪,上海-黄浦区,1-3年,本科,上海康德双语实验学校
猎聘,计算机,计算机视觉研究员,11-20k,北京-朝阳区,经验不限,硕士,某北京大型贸易进出口公司
猎聘,计算机,二级学院专任教师（马克思主义 / 法学 / 汉语言 / 计算机 / 机械 / 经管 / 艺术 / 护理方向）,10-15k,重庆,3-5年,硕士,某重庆大型学校教育公司
猎聘,计算机,软件开发或测试工程师 - 华为OD,15-30k·16薪,东莞,经验不限,本科,某大型世界500强通信设备公司
猎聘,计算机, 图像处理/计算机视觉/机器学习/人工智能算法研发实习生,10-20k,烟台,经验不限,硕士,烟台睿创微纳技术股份有限公司
猎聘,计算机,计算机视觉算法（Python/C++/深度学习）,20-40k,南京-雨花台区,5-10年,本科,瞬联软件科技
猎聘,计算机,CADD 计算机辅助药物研发(大分子)主任/高级科学家,薪资面议,上海-浦东新区,1-3年,硕士,上海齐鲁制药
猎聘,计算机,边缘计算研发工程师,20-30k,深圳-宝安区,3-5年,本科,星辰云数(深圳)科技有限公司
猎聘,计算机,FPGA开发工程师(计算机存储方向、通信方向）,25-35k,长沙,3-5年,本科,某长沙电子/半导体/集成电路上市公司
猎聘,计算机,计算机软件工程师（Ai算法、机器人）,15-25k,上海-闵行区,3-5年,统招本科,某上海大型机械/设备公司
猎聘,计算机,双语计算机老师,10-20k,天津-和平区,5年以上,本科,北京欧洛斯咨询有限公司
猎聘,计算机,办公室主任,8-10k,杭州-西湖区,1-3年,本科,温州市讯和电脑科技有限公司
猎聘,计算机,计算机视觉算法工程师,29-35k,南京-江宁区,3-5年,硕士,某南京电气机械/器材公司
猎聘,计算机,计算机硬件维护工程师,8-9k,北京-昌平区,经验不限,本科,北京同一伟业科技有限公司
猎聘,计算机,产品经理（商用计算机）(J10021),20-30k·13薪,深圳-南山区,5-10年,本科,杰和科技
猎聘,计算机,项目工程师（计算机WINDOWS 笔电）,18-21k·13薪,深圳,5-10年,大专,某知名公司
猎聘,计算机,计算机视觉算法主任工程师（半导体图像分析）,30-50k·14薪,苏州,3-5年,硕士,英诺赛科(苏州)半导体有限公司
猎聘,计算机,计算机视觉算法工程师(国企),20-30k,成都,3-5年,硕士,某国内大型电子/半导体/集成电路公司
猎聘,计算机,计算机视觉与机器学习工程师,25-40k·14薪,上海-浦东新区,3年以上,统招本科,Qualcomm中国
猎聘,计算机,工科类，计算机，医学，机械，电气，物理，纳米界，分子动力等硕士以上学历老师,10-28k,北京-海淀区,经验不限,硕士,知源教育辅导中心
猎聘,计算机,虚拟化云计算工程师,20-30k,北京-海淀区,3-5年,统招本科,新超硕科技(北京)有限公司
猎聘,计算机,前台接待文员,5-6k,西安,经验不限,学历不限,陕西中网综合能源有限公司
猎聘,计算机,计算机辅助小分子药物设计工程师/研究员,14-21k·13薪,苏州-工业园区,1-6年,硕士,苏州予路乾行生物科技有限公司
猎聘,计算机,计算机/人工智能高端科研/技术岗,25-50k·14薪,上海-杨浦区,经验不限,博士,中国兵器工业集团有限公司
猎聘,计算机,AP计算机老师,14-20k,北京,3-5年,硕士,某北京大型培训服务公司
猎聘,计算机,新东方国际课程/物理/化学/计算机/经济教师,10-20k,武汉-武昌区,经验不限,本科,新东方教育科技集团有限公司
猎聘,计算机,Python开发工程师,20-40k·14薪,深圳,经验不限,统招本科,某深圳大型通信设备公司
猎聘,计算机,计算机视觉研究员,20-40k·13薪,杭州-滨江区,经验不限,博士,杭州市滨江区浙工大网络空间安全创新研究院
猎聘,计算机,高性能计算工程师(J12588),20-40k,珠海-香洲区,3-5年,硕士,芯动科技
猎聘,计算机,计算机辅助药物设计助理研究员,8-12k,青岛-市南区,1年以上,统招本科,威智医药
猎聘,计算机,计算机校招,30-60k,北京,1年以下,博士,某北京通信设备上市公司
猎聘,计算机,产品经理（工业计算机 硬件 电子行业）,15-20k,上海,5-10年,本科,某上海电子/半导体/集成电路公司
猎聘,计算机,计算机视觉算法工程师,15-20k·14薪,北京-海淀区,经验不限,统招本科,中国科学院空天信息创新研究院
猎聘,计算机,计算化学/分析化学研究员,30-45k,北京-海淀区,5年以上,本科,软通动力
猎聘,计算机,计算机视觉算法软件工程师,20-40k,苏州,5-10年,本科,某苏州电子/半导体/集成电路公司
猎聘,计算机,嵌入式AI算法工程师（计算机视觉方向）,30-50k,深圳-龙华区,3-5年,统招本科,某国内大型电气机械/器材公司
猎聘,计算机,资产管理-服务器/计算机硬件,15-25k·14薪,上海-浦东新区,3-5年,本科,某上海IT服务公司
猎聘,计算机,计算机硬件维护工程师,17-23k,深圳-南山区,2年以上,本科,抖樾科技
猎聘,计算机,大数据计算机研究员电力国企,25-30k·13薪,北京,经验不限,博士,某天津其他商务服务业公司
猎聘,计算机,计算机视觉研究员(英语必须),11-20k·14薪,北京-朝阳区,经验不限,硕士,某知名公司
猎聘,计算机,行业研究员（计算机行业）,18-28k·24薪,上海-浦东新区,3-5年,硕士,国联安基金
猎聘,计算机,涉密计算机安全管理员,8-12k,北京,经验不限,本科,星际防务
猎聘,计算机,组稿编辑（计算机科技图书）,15-20k,北京-海淀区,5年以上,硕士,清华大学出版社有限公司
猎聘,计算机,计算机视觉软件（Computer Vision S/W）,40-70k,苏州,10年以上,学历不限,某苏州大型机械/设备公司
猎聘,计算机,通用软件平台—可视化工具软件研发工程师,15-25k,南京-江宁区,经验不限,本科,特变电工电气装备集团有限公司
猎聘,计算机,计算机视觉工程师（厦门） (MJ001923),20-40k·15薪,厦门-同安区,经验不限,硕士,美图公司
猎聘,计算机,计算机视觉算法专家,16-18k·14薪,成都-高新区,1-3年,硕士,某上海电子/半导体/集成电路公司
猎聘,计算机,信息技术教师（计算机、编程、人工智能）,8-11k,上海-奉贤区,1-3年,本科,北京凯文德信教育科技股份有限公司上海分公司
猎聘,计算机,计算机视觉（动态感知）,50-70k·15薪,上海,4年以上,硕士,某深圳大型智能硬件/消费电子公司
猎聘,计算机,软件工程师,20-30k,苏州,1-3年,硕士,医图生科
猎聘,计算机,【人工智能】base三亚，计算机相关专业就可以，可接受应届生，40岁以内，博士及以上学历,30-40k,三亚,经验不限,博士,某国内大型汽车零部件及配件公司
猎聘,计算机,高中双语计算机教师,15-20k·13薪,宁波-鄞州区,3-5年,本科,宁波鄞州赫德实验学校
猎聘,计算机,计算机硬件维护工程师,15-20k·13薪,北京-海淀区,经验不限,学历不限,汕头市领程科技有限公司
猎聘,计算机,信息安全体系与合规岗（计算机科学、信息安全）,25-50k,上海,3年以上,统招本科,某宁波整车制造公司
猎聘,计算机,操作工人,6-7k,台州-路桥区,1-3年,学历不限,台州市豪横车业有限公司
猎聘,计算机,Alevel计算机老师,15-20k,宁波,1-3年,统招本科,某宁波培训服务公司
猎聘,计算机,软件开发或测试工程师 - 华为OD,15-30k·15薪,上海,经验不限,本科,某大型世界500强通信设备公司
猎聘,计算机,计算机软件工程师（算法、前后端开发）,15-25k,上海-闵行区,5-10年,统招本科,某上海大型机械/设备公司
猎聘,计算机,计算机视觉工程师,15-20k·13薪,成都-高新区,3-5年,硕士,某上海电子/半导体/集成电路公司
猎聘,计算机,计算机科学老师 (Computer Science),8-12k,广州-天河区,经验不限,本科,广州引力科技有限公司
猎聘,计算机,计算机或电子信息相关专业策划编辑,9-12k,北京-海淀区,1-3年,硕士,科学出版社职教技术出版中心
猎聘,计算机,计算机/人工智能高端科研/技术岗,25-55k·15薪,北京-门头沟区,经验不限,博士,中国兵器工业集团有限公司
猎聘,计算机,平台软件工程师,10-20k,天津-西青区,经验不限,硕士,经纬恒润(天津)研究开发有限公司
猎聘,计算机,30-40万人工智能博士老师（base三亚  计算机、人工智能 智能驾驶 智能座舱等专业）,25-35k,三亚,5-10年,本科,某北京大型人力资源服务公司
猎聘,计算机,感知与计算机视觉算法工程师,12-24k,北京,3-5年,本科,幻力魔方(北京)科技产业有限公司
猎聘,计算机,计算机视觉算法工程师,20-40k,杭州-余杭区,2年以上,硕士,清软微视(杭州)科技有限公司
猎聘,计算机,上位机软件开发工程师,15-30k,上海-浦东新区,2年以上,本科,玄刃科技
猎聘,计算机,计算机视觉工程师,20-40k·13薪,北京-朝阳区,3-5年,本科,江苏智云天工科技有限公司
猎聘,计算机,AI药物开发工程师-计算机辅助药物设计,25-45k·13薪,北京-通州区,2年以上,硕士,北京安必奇生物科技有限公司
猎聘,计算机,双语计算机科学教师（新手教师）,8-12k,苏州-吴江区,经验不限,本科,雅力教育
猎聘,计算机,Python工程师,20-40k·14薪,深圳,经验不限,本科,某深圳大型通信设备公司
猎聘,计算机,计算机视觉 & 多模态算法研究员,30-50k,无锡,1-3年,硕士,某合肥互联网上市公司
猎聘,计算机,alevel双语计算机教师-光华剑桥,11-20k,上海,经验不限,本科,光华教育
猎聘,计算机,计算机科学与技术专业教师,8-15k,广州-白云区,经验不限,本科,广州知藤教育科技有限公司
猎聘,计算机,计算机视觉算法,30-55k,武汉,3-5年,学历不限,某上海电子/通信/半导体上市公司
猎聘,计算机,国际技术转移经理人（机械制造、电气工程、计算机、人工智能、新材料、化工）,25-30k·13薪,北京-大兴区,5年以上,本科,斯泰恩拜斯
猎聘,计算机,计算机辅助药物设计（CADD）高级研究员,15-25k,成都-高新区,3-5年,硕士,北京安必奇生物科技有限公司
猎聘,计算机,测试工程师,6-7k,广州-增城区,1-3年,大专,广州芩款科技有限公司
猎聘,计算机,中国部高中 计算机教师,10-15k·13薪,上海-青浦区,3年以上,硕士,上海宋庆龄学校
猎聘,计算机,博士教师（必须博士，base三亚，可接受应届，计算机人工智能方向）,20-30k,三亚,经验不限,博士,某知名公司
猎聘,计算机,AI出题专家-计算机与信息技术领域（远程兼职）,20-30k,北京-海淀区,10年以下,统招本科,Talents AI
猎聘,计算机,计算机视觉工程师（北京） (MJ001926),25-50k·15薪,北京-海淀区,3-5年,硕士,美图公司
猎聘,计算机,高中计算机教师（双语学校）,14-25k·14薪,常州,3-10年,本科,某知名公司
猎聘,计算机,计算机视觉算法工程师,30-60k·15薪,深圳,4年以上,硕士,某深圳大型智能硬件/消费电子公司
猎聘,计算机,计算机视觉算法专家,20-35k,深圳-宝安区,3年以上,本科,某深圳机械/设备上市公司
猎聘,计算机,驱动开发工程师（智能安防/计算机边缘产品）,15-20k·13薪,深圳,3-5年,统招本科,某深圳互联网公司
猎聘,计算机,云计算研发工程师,25-50k·16薪,广州,3-5年,本科,网易集团
猎聘,计算机,计算机维护工程师,15-16k,苏州-相城区,3年以上,本科,上海柒玖张商贸有限公司
猎聘,计算机,AP双语计算机老师,14-20k,北京-大兴区,1-3年,硕士,北京欧洛斯咨询有限公司
猎聘,计算机,Python软件工程师,18-30k,北京-海淀区,3-5年,本科,广东人工智能与先进计算研究院
猎聘,计算机,计算机视觉工程师,20-35k·14薪,烟台,5-10年,本科,某国内石化上市公司
猎聘,计算机,通信/计算机首席分析师,40-70k,上海-黄浦区,3-5年,硕士,某上海基金/证券/期货公司
猎聘,计算机,计算机硬件维护工程师,13-15k,苏州-吴江区,2年以上,大专,广州稳通科技有限公司
猎聘,计算机,计算机硬件老师,50-65k·15薪,上海-徐汇区,1-3年,统招本科,上海徐汇知春创新中心
猎聘,计算机,计算机硬件维护工程师,12-13k·13薪,武汉-洪山区,3年以上,大专,湖北省宣静秀台科技有限公司
猎聘,计算机,Python上位机开发工程师,12-15k·13薪,徐州,3-5年,学历不限,某知名公司
猎聘,计算机,后端工程师,7-13k·13薪,成都,2年以上,统招本科,成都四相致新科技有限公司
猎聘,计算机,计算机类 英文学术期刊助理编辑 ∙ 武汉（光谷）,11-28k,武汉-洪山区,经验不限,硕士,MDPI
猎聘,计算机,35W左右【高校博士教师】base三亚-博士研究方向需与计算机/人工智能相关-提供住宿-八险一金-各种福利都有,20-30k,三亚,经验不限,博士,某北京大型人力资源服务公司
猎聘,计算机,Opencv 计算机视觉,7-12k,成都-高新区,经验不限,本科,英纳智能科技(成都)有限公司
猎聘,计算机,计算机类论文辅导,20-30k,深圳-龙华区,经验不限,硕士,深圳市摸鱼贸易有限公司
猎聘,计算机,产品经理（商用计算机）(J10021),20-30k,深圳-南山区,3-5年,本科,杰和科技
猎聘,计算机,Python,20-40k·14薪,北京-海淀区,经验不限,本科,某深圳大型通信设备公司
猎聘,计算机,博士后（计算机、软件开发方向）,35-45k,重庆-渝北区,经验不限,统招本科,湖南大学重庆研究院
猎聘,计算机,Python开发,20-40k·14薪,北京,经验不限,本科,某深圳大型通信设备公司
猎聘,计算机,计算机视觉算法工程师/研究员,25-30k,上海-浦东新区,经验不限,博士,同济大学
猎聘,计算机,计算机视觉算法工程师,20-35k,成都-青羊区,1-3年,硕士,超矩科技
猎聘,计算机,机械结构工程师（具有工业计算机、特种计算机经验优先）,10-15k·13薪,北京-昌平区,3年以上,大专,北京鲁成伟业科技发展有限公司
猎聘,计算机,计算机视觉工程师（深度学习方向）,90-120k·14薪,上海,经验不限,本科,某知名公司
猎聘,计算机,云计算工程师,24-35k,北京,5-10年,统招本科,某北京通信设备上市公司
猎聘,计算机,计算机视觉工程师（工业检测-北京/天津/苏州/烟台）,30-60k,苏州,3-5年,硕士,某国内大型石化公司
猎聘,计算机,RPA软件初级开发工程师,6-8k,佛山-南海区,1年以下,统招本科,凯捷
猎聘,计算机,计算机视觉专家工程师,40-70k·15薪,北京-海淀区,5-10年,统招本科,滴滴
猎聘,计算机,计算机体系架构副研/助研,25-40k,北京-海淀区,经验不限,硕士,中科院自动化研究所
猎聘,计算机,计算机硬件维护工程师,15-20k,广州-白云区,3年以上,本科,广州沃良网络科技有限公司
猎聘,计算机,计算机视觉算法工程师,15-25k·13薪,上海-闵行区,1-3年,统招本科,昆山积元科技有限公司
猎聘,计算机,爱卫夫健康管理(广州)有限公司,5-9k,广州-白云区,经验不限,本科,爱卫夫健康管理(广州)有限公司
猎聘,计算机,后勤管理,9-12k,广州-黄埔区,经验不限,大专,广州元魏坡科技有限公司
猎聘,计算机,计算机图形算法工程师,60-90k·15薪,上海-虹口区,经验不限,硕士,某上海科技推广服务公司
猎聘,计算机,计算机安全保密管理员,6-10k·13薪,西安-高新区,3-5年,本科,西安润道智检科技有限公司
猎聘,计算机,产品设计师-985/211计算机相关专业,40-70k,上海-徐汇区,3-5年,本科,某上海科技推广服务公司
猎聘,计算机,Python开发（od）,15-20k·14薪,上海,经验不限,统招本科,某深圳大型通信设备公司
猎聘,计算机,国际高中部-双语计算机老师,12-17k,成都-高新区,3年以上,本科,成都嘉盈瑞泰教育咨询有限公司
猎聘,计算机,双语计算机科学老师(J10235),10-20k,苏州-吴江区,1-3年,本科,雅力教育
猎聘,计算机,计算机视觉（动态感知）,45-65k·15薪,深圳,4年以上,硕士,某深圳大型智能硬件/消费电子公司
猎聘,计算机,国际学校双语计算机老师,15-23k·13薪,北京-朝阳区,2年以上,本科,北京欧洛斯咨询有限公司
猎聘,计算机,计算机网络工程师,6-8k,唐山-曹妃甸区,1-3年,本科,唐山国控科创集团有限公司
猎聘,计算机,计算机视觉算法工程师（自动化设备方向）,25-40k,上海-徐汇区,5年以上,统招本科,阿法迪
猎聘,计算机,计算机硬件维护工程师+五险一金,18-21k,广州-海珠区,1年以上,学历不限,四川锋汇科技有限公司
猎聘,计算机,组稿编辑（计算机教材第二事业部）,12-20k,北京-海淀区,经验不限,硕士,清华大学出版社有限公司
猎聘,计算机,中/高级计算机视觉算法工程师（多模态大模型） base深圳/上海,70-100k·15薪,深圳-南山区,3-5年,硕士,某知名公司
猎聘,计算机,AP计算机&AP统计学教师（全职+兼职）,15-22k,苏州-工业园区,1-3年,本科,深圳威睿达思国际学校
猎聘,计算机,AP计算机老师,15-30k,北京-朝阳区,1-3年,硕士,北京澳大利亚国际学校
猎聘,计算机,计算机视觉算法工程师,20-40k,苏州-工业园区,2年以上,硕士,清软微视(杭州)科技有限公司
猎聘,计算机,高级计算机视觉算法,70-100k·15薪,北京,4年以上,硕士,某大型知名智能硬件/消费电子公司
猎聘,计算机,国际课程双语教师（IGCSE/A-Level 数学/物理/经济/化学/计算机等方向）,10-30k,武汉-江夏区,3年以上,硕士,光谷康桥高级中学
猎聘,计算机,算法工程师（人工智能、计算机视觉方向）,20-30k,福州-马尾区,经验不限,博士,新大陆自动识别
猎聘,计算机,计算机辅助药物设计科学家,30-50k,上海-浦东新区,3-5年,硕士,某上海制药公司
猎聘,计算机,计算机辅助药物设计负责人,60-90k,北京,经验不限,学历不限,某北京制药上市公司
猎聘,计算机,计算机视觉算法软件工程师,20-40k,苏州,4年以上,本科,某苏州大型电子/半导体/集成电路公司
猎聘,计算机,量化系统开发工程师,15-30k·15薪,深圳-南山区,5年以下,本科,海南无量私募基金管理有限公司
猎聘,计算机,计算机视觉算法工程师,60-90k·15薪,深圳-南山区,5-10年,统招本科,某深圳大型智能硬件公司
猎聘,计算机,计算机视觉CV算法工程师,40-50k,上海,经验不限,统招本科,某知名公司
猎聘,计算机,计算机视觉算法,40-70k·14薪,苏州-相城区,3年以上,学历不限,某人工智能公司
猎聘,计算机,计算机视觉工程师（YS07）,薪资面议,合肥-高新区,经验不限,硕士,江淮前沿技术协同创新中心
猎聘,计算机,高级嵌入式工程师 (安全计算机平台方向),50-80k,深圳-南山区,5-10年,统招本科,某深圳智能硬件/消费电子公司
猎聘,计算机,计算机应用技术讲师,14-20k,上海-闵行区,1-3年,本科,上海安毅奇科技有限公司
猎聘,计算机,计算机视觉算法,40-70k·15薪,深圳-南山区,5-10年,硕士,某深圳大型智能硬件/消费电子公司
猎聘,计算机,计算机视觉算法软件工程师,30-50k,苏州,经验不限,统招本科,某苏州电子/半导体/集成电路公司
猎聘,计算机,计算机视觉算法工程师（高级）,30-60k,深圳-南山区,3-5年,统招本科,某东莞人力资源服务公司
猎聘,计算机,中/高级计算机视觉算法工程师（动态感知）,50-80k·15薪,深圳-南山区,5-10年,本科,某深圳大型智能硬件/消费电子公司
猎聘,计算机,通信/计算机首席分析师(J10151),薪资面议,上海-黄浦区,3年以上,硕士,野村东方国际证券
猎聘,计算机,28-35万大学老师（base三亚 计算机、人工智能、低空经济、新能源、智能驾驶、智能座舱等相关专业，博士  ）,19-26k,三亚,经验不限,博士,某北京大型人力资源服务公司
猎聘,计算机,计算机视觉工程师,20-35k·14薪,天津,5-10年,本科,某国内石化上市公司
猎聘,计算机,高级图像算法工程师（模型训练+计算机视觉）,18-35k,宁波,经验不限,学历不限,某宁波云计算/大数据公司
猎聘,计算机,云计算后台研发工程师,30-50k,深圳-南山区,经验不限,本科,深圳市腾讯计算机系统有限公司
猎聘,计算机,计算机技术员,8-10k,北京-房山区,经验不限,本科,华润健康
猎聘,计算机,技术开发工程师,8-10k,昆明-盘龙区,2-5年,本科,曲塑集团
猎聘,计算机,算法工程师（计算机视觉、Infra算法、数据算法、视频生成/世界模型、3D渲染）,30-50k·14薪,上海,经验不限,统招本科,某上海智能硬件/消费电子上市公司
猎聘,计算机,计算机视觉研究员,15-20k,深圳-南山区,1-3年,硕士,爱贝宝
猎聘,计算机,荔湾爱莎学校-双语计算机/科创老师,18-35k,广州-荔湾区,3年以上,硕士,爱莎国际教育集团
猎聘,计算机,小学计算机老师,4-6k,重庆-南岸区,经验不限,本科,某重庆人力资源服务公司
猎聘,计算机,计算机老师,8-12k,武汉-洪山区,经验不限,本科,武汉惟楚信息技术有限公司
猎聘,计算机,计算机视觉研究员,20-29k,北京-朝阳区,经验不限,硕士,日立中国
猎聘,计算机,办公室助理,6-7k,长沙-岳麓区,1-3年,大专,嘉兴新模文化传媒有限公司
猎聘,计算机,高中双语计算机教师,15-25k,北京-海淀区,1-3年,硕士,某北京培训服务公司
猎聘,计算机,中/高级计算机视觉算法工程师,50-80k·15薪,深圳,5-10年,统招本科,某东莞大型智能硬件/消费电子公司
猎聘,计算机,计算机人工智能讲师(创新教育项目),50-70k·15薪,上海-徐汇区,5-10年,统招本科,某北京大型云计算/大数据公司
猎聘,计算机,计算机视觉算法工程师（三维重建方向）,30-60k·15薪,上海,3-5年,统招本科,某大型电子/半导体/集成电路公司
猎聘,计算机,AI项目负责人（模型、搜索、搭建知识库）base三亚，40岁以内，硕士及以上（特别优秀者可放宽至本科），必须计算机相关专业。,80-90k,三亚,5-10年,本科,某北京大型人力资源服务公司
猎聘,计算机,财务经理/主管,6-8k,温州-洞头区,1-3年,大专,温州市讯和电脑科技有限公司
猎聘,计算机,硬件开发工程师（航空航天、军工、无人机、飞控计算机类）,25-50k,西安,5-10年,本科,某西安IT服务公司
猎聘,计算机,计算机视觉工程师（深度学习方向）,90-120k·14薪,北京,经验不限,本科,某知名公司
猎聘,计算机,计算机安全保密管理员,8-9k,北京-海淀区,1-3年,大专,新时代工程咨询有限公司
猎聘,计算机,计算机行业,30-60k,上海-黄浦区,3年以上,本科,上海于启茶信息科技有限公司
猎聘,计算机,计算机视觉算法工程师（三维重建方向）,30-50k·15薪,上海-长宁区,3-5年,学历不限,某上海智能硬件/消费电子上市公司
猎聘,计算机,计算机视觉算法工程师,30-60k·15薪,深圳,3-5年,硕士,某深圳大型智能硬件/消费电子公司
猎聘,计算机,计算机视觉算法专家,8-12k,北京,经验不限,大专,武汉市群淼巨科技有限公司
猎聘,计算机,算法工程师-计算机视觉,20-40k,苏州-工业园区,3-5年,硕士,上海纬钛科技有限公司
前程无忧,计算机,运营工程师,4-6千,,,,广东德生科技股份有限公司
前程无忧,计算机,网管,4.5-6千,,,,肇庆怡隆塑胶五金制品有限公司
前程无忧,计算机,计算机专业教师,6千-1.2万,,,,四会衡鑫教育投资有限公司
前程无忧,计算机,冠华公司精益改善岗(J11206),8千-1.4万,,,,广东风华高新科技股份有限公司
前程无忧,计算机,打印机运维,4.6-5千,,,,国程科技发展（上海）有限公司
前程无忧,计算机,信息化建设岗,8-13万/年,,,,肇庆市港口投资发展有限公司
前程无忧,计算机,项目专员/进校工程师（灵活办公/应届生）,5千-1万,,,,广东德诚科教有限公司
前程无忧,计算机,ERP数据分析,6-8千,,,,佛山市慕格门窗科技有限公司
前程无忧,计算机,信息技术岗（肇庆）,8.5千-1.7万,,,,广东鸿图科技股份有限公司
前程无忧,计算机,文书档案文员（端州）,3-4千,,,,深圳市实信达科技开发有限公司
前程无忧,计算机,大岗咨询引导员（兼职）,3千及以下,,,,佛山华兴警用科技有限公司
前程无忧,计算机,系统运维,5-7千,,,,佛山市慕格门窗科技有限公司
前程无忧,计算机,IT服务工程师,4-5千,,,,广州广电银通金融电子科技有限公司
前程无忧,计算机,终端代表-肇庆,9-14万/年,,,,特一药业集团股份有限公司
前程无忧,计算机,技术支持/维护工程师,4.5-6千,,,,广州市派客朴食信息科技有限责任公司
前程无忧,计算机,法院档案项目经理(端州双休),5.5-6千,,,,中山市汉普管理顾问有限公司
前程无忧,计算机,AI工程师,7千-1.2万,,,,佛山市慕格门窗科技有限公司
前程无忧,计算机,人事行政兼ERP数据专员,4-5千,,,,肇庆怡隆塑胶五金制品有限公司
前程无忧,计算机,试验工程师,6千-1万,,,,广东嘉利车灯有限公司
前程无忧,计算机,新媒体运营,3-6千,,,,肇庆季言管理咨询有限公司
